time,open,high,low,close,volume
2023-11-14T06:00:00+00:00,3278.0,3278.0,3201.0,3224.5,22
2023-11-14T08:00:00+00:00,3219.5,3225.0,3205.5,3220.0,33
2023-11-14T10:00:00+00:00,3220.5,3220.5,3196.0,3200.0,42
2023-11-14T12:00:00+00:00,3200.0,3210.5,3194.5,3208.5,103
2023-11-14T14:00:00+00:00,3214.0,3227.0,3209.0,3221.0,32
2023-11-14T16:00:00+00:00,3216.0,3216.0,3211.5,3211.5,7
2023-11-14T18:00:00+00:00,3206.0,3211.5,3202.0,3202.0,16
2023-11-14T20:00:00+00:00,3202.0,3202.0,3202.0,3202.0,1
2023-11-15T06:00:00+00:00,3205.0,3205.0,3185.0,3188.5,410
2023-11-15T08:00:00+00:00,3187.0,3196.5,3185.5,3196.5,566
2023-11-15T10:00:00+00:00,3194.5,3198.5,3190.0,3198.5,157
2023-11-15T12:00:00+00:00,3199.0,3218.0,3199.0,3216.0,227
2023-11-15T14:00:00+00:00,3216.0,3223.5,3215.0,3220.0,119
2023-11-15T16:00:00+00:00,3217.0,3222.5,3214.0,3220.5,41
2023-11-15T18:00:00+00:00,3220.5,3221.5,3213.0,3213.0,127
2023-11-15T20:00:00+00:00,3220.0,3221.0,3215.0,3215.0,8
2023-11-16T04:00:00+00:00,3217.0,3217.0,3217.0,3217.0,1
2023-11-16T06:00:00+00:00,3212.0,3220.0,3204.5,3209.0,199
2023-11-16T08:00:00+00:00,3215.0,3215.0,3202.0,3203.0,235
2023-11-16T10:00:00+00:00,3206.5,3208.0,3201.0,3208.0,225
2023-11-16T12:00:00+00:00,3208.0,3213.5,3201.5,3203.0,51
2023-11-16T14:00:00+00:00,3208.5,3212.0,3180.0,3180.0,1360
2023-11-16T16:00:00+00:00,3189.0,3189.5,3171.5,3186.5,257
2023-11-16T18:00:00+00:00,3186.5,3186.5,3169.0,3174.0,257
2023-11-16T20:00:00+00:00,3174.0,3176.0,3171.0,3171.0,58
2023-11-17T04:00:00+00:00,3171.0,3171.0,3171.0,3171.0,2
2023-11-17T06:00:00+00:00,3171.0,3220.0,3015.0,3174.0,962
2023-11-17T08:00:00+00:00,3175.0,3175.0,3148.5,3171.5,1191
2023-11-17T10:00:00+00:00,3169.0,3183.5,3168.0,3183.0,195
2023-11-17T12:00:00+00:00,3185.0,3198.5,3181.5,3198.5,302
2023-11-17T14:00:00+00:00,3194.0,3210.0,3194.0,3209.0,338
2023-11-17T16:00:00+00:00,3209.5,3210.0,3200.0,3209.5,48
2023-11-17T18:00:00+00:00,3206.5,3208.5,3199.5,3202.0,113
2023-11-17T20:00:00+00:00,3206.5,3208.5,3206.0,3206.0,64
2023-11-20T04:00:00+00:00,3209.0,3209.0,3209.0,3209.0,1
2023-11-20T06:00:00+00:00,3209.0,3219.0,3193.0,3206.5,476
2023-11-20T08:00:00+00:00,3198.5,3210.0,3194.0,3201.5,129
2023-11-20T10:00:00+00:00,3204.5,3206.5,3199.5,3200.5,151
2023-11-20T12:00:00+00:00,3200.0,3209.5,3200.0,3207.0,89
2023-11-20T14:00:00+00:00,3204.5,3207.5,3199.0,3205.5,113
2023-11-20T16:00:00+00:00,3209.5,3212.5,3198.5,3198.5,33
2023-11-20T18:00:00+00:00,3199.0,3202.0,3198.5,3200.5,14
2023-11-20T20:00:00+00:00,3208.0,3208.0,3200.5,3200.5,16
2023-11-21T06:00:00+00:00,3199.0,3203.0,3190.0,3203.0,95
2023-11-21T08:00:00+00:00,3200.5,3201.5,3194.5,3197.5,90
2023-11-21T10:00:00+00:00,3197.0,3206.0,3193.0,3201.5,182
2023-11-21T12:00:00+00:00,3201.0,3207.5,3199.5,3206.0,101
2023-11-21T14:00:00+00:00,3208.0,3220.0,3208.0,3218.5,189
2023-11-21T16:00:00+00:00,3218.0,3223.0,3216.0,3216.5,36
2023-11-21T18:00:00+00:00,3219.0,3221.0,3219.0,3220.5,18
2023-11-21T20:00:00+00:00,3221.0,3225.0,3220.5,3221.0,63
2023-11-22T06:00:00+00:00,3225.0,3244.5,3225.0,3239.5,536
2023-11-22T08:00:00+00:00,3240.0,3241.0,3232.0,3237.5,272
2023-11-22T10:00:00+00:00,3233.0,3238.5,3232.0,3235.5,141
2023-11-22T12:00:00+00:00,3235.0,3235.0,3222.5,3233.0,216
2023-11-22T14:00:00+00:00,3229.0,3236.5,3229.0,3234.0,50
2023-11-22T16:00:00+00:00,3235.0,3237.0,3232.5,3233.0,11
2023-11-22T18:00:00+00:00,3235.0,3237.0,3230.0,3230.0,22
2023-11-23T06:00:00+00:00,3232.0,3244.5,3228.0,3233.0,130
2023-11-23T08:00:00+00:00,3232.0,3238.5,3230.0,3231.5,148
2023-11-23T10:00:00+00:00,3230.0,3230.0,3224.0,3224.0,56
2023-11-23T12:00:00+00:00,3226.5,3231.0,3220.5,3224.5,49
2023-11-23T14:00:00+00:00,3226.0,3226.0,3220.0,3223.5,94
2023-11-23T16:00:00+00:00,3223.0,3223.5,3216.0,3223.5,87
2023-11-23T18:00:00+00:00,3218.0,3220.0,3217.5,3218.0,8
2023-11-23T20:00:00+00:00,3217.5,3217.5,3217.5,3217.5,3
2023-11-24T06:00:00+00:00,3218.0,3259.0,3218.0,3227.0,332
2023-11-24T08:00:00+00:00,3225.5,3234.0,3225.0,3228.5,118
2023-11-24T10:00:00+00:00,3227.0,3234.5,3219.0,3219.0,26
2023-11-24T12:00:00+00:00,3218.0,3220.0,3206.0,3212.0,897
2023-11-24T14:00:00+00:00,3214.5,3228.5,3212.0,3227.5,565
2023-11-24T16:00:00+00:00,3221.5,3227.0,3218.0,3224.0,29
2023-11-24T18:00:00+00:00,3229.0,3231.0,3224.0,3224.0,30
2023-11-24T20:00:00+00:00,3222.5,3231.0,3222.5,3231.0,36
2023-11-27T06:00:00+00:00,3222.5,3234.5,3215.5,3225.0,415
2023-11-27T08:00:00+00:00,3224.5,3230.0,3220.0,3220.0,209
2023-11-27T10:00:00+00:00,3220.0,3220.0,3210.5,3215.0,106
2023-11-27T12:00:00+00:00,3215.5,3217.0,3196.0,3196.0,532
2023-11-27T14:00:00+00:00,3195.0,3199.0,3182.5,3194.5,513
2023-11-27T16:00:00+00:00,3195.5,3196.0,3194.0,3196.0,25
2023-11-27T18:00:00+00:00,3197.5,3199.0,3193.0,3193.0,24
2023-11-27T20:00:00+00:00,3193.0,3193.0,3190.0,3191.5,8
2023-11-28T04:00:00+00:00,3192.0,3192.0,3192.0,3192.0,1
2023-11-28T06:00:00+00:00,3192.0,3199.5,3165.0,3170.5,477
2023-11-28T08:00:00+00:00,3170.0,3183.5,3167.5,3180.0,261
2023-11-28T10:00:00+00:00,3181.0,3182.0,3174.0,3182.0,742
2023-11-28T12:00:00+00:00,3182.0,3193.5,3182.0,3189.5,209
2023-11-28T14:00:00+00:00,3190.0,3204.5,3190.0,3198.5,357
2023-11-28T16:00:00+00:00,3197.0,3203.5,3196.0,3202.5,48
2023-11-28T18:00:00+00:00,3199.0,3199.0,3198.0,3198.0,2
2023-11-28T20:00:00+00:00,3200.0,3200.0,3196.0,3196.0,10
2023-11-29T06:00:00+00:00,3195.5,3205.0,3176.0,3190.0,630
2023-11-29T08:00:00+00:00,3187.5,3194.5,3180.0,3182.0,543
2023-11-29T10:00:00+00:00,3183.5,3189.5,3181.0,3185.0,61
2023-11-29T12:00:00+00:00,3187.0,3191.0,3185.0,3185.5,238
2023-11-29T14:00:00+00:00,3187.0,3188.0,3177.0,3181.5,127
2023-11-29T16:00:00+00:00,3183.5,3184.0,3170.0,3174.5,88
2023-11-29T18:00:00+00:00,3176.0,3184.5,3173.5,3180.0,82
2023-11-29T20:00:00+00:00,3180.5,3185.0,3180.0,3184.5,29
2023-11-30T06:00:00+00:00,3182.0,3193.0,3151.0,3163.5,664
2023-11-30T08:00:00+00:00,3161.0,3195.0,3150.5,3163.0,1575
2023-11-30T10:00:00+00:00,3160.0,3179.5,3160.0,3168.0,116
2023-11-30T12:00:00+00:00,3171.0,3173.0,3155.0,3158.0,146
2023-11-30T14:00:00+00:00,3156.5,3175.0,3156.5,3168.0,308
2023-11-30T16:00:00+00:00,3170.0,3173.5,3164.5,3167.0,37
2023-11-30T18:00:00+00:00,3170.0,3172.5,3167.5,3172.0,29
2023-11-30T20:00:00+00:00,3170.0,3170.0,3165.0,3170.0,36
2023-12-01T04:00:00+00:00,3170.0,3170.0,3170.0,3170.0,6
2023-12-01T06:00:00+00:00,3170.0,3174.5,3152.5,3154.5,321
2023-12-01T08:00:00+00:00,3154.5,3166.0,3154.5,3165.5,94
2023-12-01T10:00:00+00:00,3165.0,3166.0,3157.5,3158.5,130
2023-12-01T12:00:00+00:00,3158.5,3165.0,3147.0,3148.5,321
2023-12-01T14:00:00+00:00,3150.0,3153.0,3143.5,3145.0,325
2023-12-01T16:00:00+00:00,3141.5,3146.5,3139.5,3144.5,165
2023-12-01T18:00:00+00:00,3142.5,3146.5,3136.0,3137.0,61
2023-12-01T20:00:00+00:00,3136.5,3137.0,3127.5,3137.0,90
2023-12-04T04:00:00+00:00,3136.5,3136.5,3136.5,3136.5,1
2023-12-04T06:00:00+00:00,3130.0,3137.0,3117.5,3120.0,582
2023-12-04T08:00:00+00:00,3120.0,3132.0,3112.0,3130.5,1085
2023-12-04T10:00:00+00:00,3131.5,3134.0,3122.5,3127.0,268
2023-12-04T12:00:00+00:00,3125.5,3130.0,3124.0,3125.0,83
2023-12-04T14:00:00+00:00,3125.0,3125.0,3113.5,3116.0,765
2023-12-04T16:00:00+00:00,3117.0,3117.0,3100.0,3105.0,195
2023-12-04T18:00:00+00:00,3105.0,3112.0,3102.5,3109.0,258
2023-12-04T20:00:00+00:00,3109.5,3113.0,3102.0,3102.0,33
2023-12-05T06:00:00+00:00,3108.5,3126.0,3101.0,3115.5,523
2023-12-05T08:00:00+00:00,3114.5,3114.5,3095.5,3109.5,397
2023-12-05T10:00:00+00:00,3110.5,3133.0,3110.5,3132.0,606
2023-12-05T12:00:00+00:00,3132.5,3139.5,3122.5,3129.0,183
2023-12-05T14:00:00+00:00,3130.0,3145.0,3130.0,3135.0,285
2023-12-05T16:00:00+00:00,3144.0,3147.0,3138.0,3145.5,182
2023-12-05T18:00:00+00:00,3144.5,3149.0,3140.5,3142.5,41
2023-12-05T20:00:00+00:00,3144.0,3148.5,3144.0,3148.0,40
2023-12-06T06:00:00+00:00,3147.5,3153.0,3123.5,3126.0,760
2023-12-06T08:00:00+00:00,3125.0,3125.5,3104.0,3108.5,745
2023-12-06T10:00:00+00:00,3107.5,3114.0,3083.0,3097.0,731
2023-12-06T12:00:00+00:00,3094.0,3104.0,3083.0,3089.0,534
2023-12-06T14:00:00+00:00,3083.5,3095.5,3080.0,3083.0,371
2023-12-06T16:00:00+00:00,3080.0,3085.5,3064.5,3073.0,697
2023-12-06T18:00:00+00:00,3077.5,3088.5,3073.5,3078.5,98
2023-12-06T20:00:00+00:00,3073.5,3073.5,3070.0,3070.0,12
2023-12-07T06:00:00+00:00,3078.0,3085.0,3062.0,3062.5,743
2023-12-07T08:00:00+00:00,3063.0,3070.0,3050.0,3062.5,1107
2023-12-07T10:00:00+00:00,3063.5,3075.5,3054.0,3054.0,750
2023-12-07T12:00:00+00:00,3057.0,3089.0,3055.0,3080.5,702
2023-12-07T14:00:00+00:00,3081.0,3083.5,3074.5,3075.0,596
2023-12-07T16:00:00+00:00,3074.5,3079.0,3063.0,3079.0,399
2023-12-07T18:00:00+00:00,3077.5,3081.0,3075.0,3080.0,85
2023-12-07T20:00:00+00:00,3074.0,3081.5,3072.0,3074.0,98
2023-12-08T06:00:00+00:00,3081.0,3095.0,3072.5,3089.0,581
2023-12-08T08:00:00+00:00,3092.0,3102.0,3088.5,3096.5,662
2023-12-08T10:00:00+00:00,3097.0,3097.0,3082.0,3087.0,447
2023-12-08T12:00:00+00:00,3086.0,3086.5,3068.5,3074.5,651
2023-12-08T14:00:00+00:00,3076.5,3088.0,3072.0,3088.0,317
2023-12-08T16:00:00+00:00,3078.5,3088.0,3076.0,3084.0,166
2023-12-08T18:00:00+00:00,3084.5,3090.5,3078.5,3084.5,134
2023-12-08T20:00:00+00:00,3086.0,3090.5,3085.0,3085.0,57
2023-12-11T06:00:00+00:00,3081.5,3087.0,3059.5,3062.5,574
2023-12-11T08:00:00+00:00,3061.5,3070.0,3054.5,3061.5,501
2023-12-11T10:00:00+00:00,3061.5,3070.0,3044.0,3046.0,786
2023-12-11T12:00:00+00:00,3045.5,3055.0,3032.0,3043.0,593
2023-12-11T14:00:00+00:00,3042.5,3049.0,3025.0,3025.5,700
2023-12-11T16:00:00+00:00,3030.0,3033.0,3015.5,3029.0,790
2023-12-11T18:00:00+00:00,3027.0,3027.5,3018.0,3027.0,177
2023-12-11T20:00:00+00:00,3027.0,3030.5,3019.5,3028.5,107
2023-12-12T04:00:00+00:00,3028.0,3028.0,3028.0,3028.0,1
2023-12-12T06:00:00+00:00,3033.0,3041.0,3014.5,3027.0,1188
2023-12-12T08:00:00+00:00,3021.0,3025.0,3002.5,3015.0,2605
2023-12-12T10:00:00+00:00,3018.0,3045.0,3018.0,3045.0,1415
2023-12-12T12:00:00+00:00,3044.0,3048.5,3033.5,3033.5,845
2023-12-12T14:00:00+00:00,3031.5,3037.0,3023.0,3032.0,627
2023-12-12T16:00:00+00:00,3027.5,3027.5,3018.5,3025.0,545
2023-12-12T18:00:00+00:00,3023.5,3026.0,3018.0,3025.5,220
2023-12-12T20:00:00+00:00,3025.5,3027.0,3022.5,3027.0,31
2023-12-13T06:00:00+00:00,3021.5,3026.0,3006.0,3020.0,862
2023-12-13T08:00:00+00:00,3020.0,3042.5,3017.0,3038.5,758
2023-12-13T10:00:00+00:00,3038.0,3047.0,3037.5,3047.0,1224
2023-12-13T12:00:00+00:00,3047.0,3049.0,3025.0,3026.0,1090
2023-12-13T14:00:00+00:00,3027.5,3036.5,3021.5,3034.0,1170
2023-12-13T16:00:00+00:00,3035.5,3043.5,3028.0,3037.0,309
2023-12-13T18:00:00+00:00,3037.0,3048.0,3037.0,3042.5,182
2023-12-13T20:00:00+00:00,3042.5,3047.5,3038.0,3047.5,102
2023-12-14T06:00:00+00:00,3040.5,3070.0,3039.0,3053.0,1591
2023-12-14T08:00:00+00:00,3053.0,3062.0,3049.0,3051.5,797
2023-12-14T10:00:00+00:00,3051.5,3062.0,3044.0,3046.5,770
2023-12-14T12:00:00+00:00,3045.0,3050.0,3029.0,3029.0,1035
2023-12-14T14:00:00+00:00,3030.5,3031.0,3012.0,3012.0,1323
2023-12-14T16:00:00+00:00,3011.0,3020.0,2989.5,2991.0,1887
2023-12-14T18:00:00+00:00,2991.0,3014.0,2980.0,2999.0,1080
2023-12-14T20:00:00+00:00,2999.0,2999.5,2991.0,2991.0,118
2023-12-15T04:00:00+00:00,2990.5,2990.5,2990.5,2990.5,7
2023-12-15T06:00:00+00:00,2999.5,3014.0,2991.0,3008.0,1194
2023-12-15T08:00:00+00:00,3008.0,3021.5,3000.0,3007.0,1071
2023-12-15T10:00:00+00:00,3009.0,3046.0,3005.0,3036.0,1861
2023-12-15T12:00:00+00:00,3037.5,3052.5,3025.0,3046.5,3000
2023-12-15T14:00:00+00:00,3046.5,3095.0,3040.0,3050.0,3094
2023-12-15T16:00:00+00:00,3049.5,3068.0,3049.0,3067.5,1343
2023-12-15T18:00:00+00:00,3066.5,3067.0,3056.5,3063.0,460
2023-12-15T20:00:00+00:00,3063.0,3065.0,3055.0,3061.0,375
2023-12-18T06:00:00+00:00,3065.0,3082.0,3055.0,3072.5,2587
2023-12-18T08:00:00+00:00,3074.0,3084.0,3071.5,3075.0,1605
2023-12-18T10:00:00+00:00,3072.5,3083.0,3070.5,3082.5,1328
2023-12-18T12:00:00+00:00,3081.0,3089.0,3076.5,3089.0,1343
2023-12-18T14:00:00+00:00,3089.0,3096.5,3078.5,3085.0,1073
2023-12-18T16:00:00+00:00,3087.5,3092.0,3085.0,3087.5,225
2023-12-18T18:00:00+00:00,3087.5,3092.0,3085.5,3091.5,139
2023-12-18T20:00:00+00:00,3091.5,3092.0,3090.0,3090.0,99
2023-12-19T04:00:00+00:00,3094.0,3094.0,3094.0,3094.0,4
2023-12-19T06:00:00+00:00,3094.0,3095.0,3079.5,3090.0,1392
2023-12-19T08:00:00+00:00,3091.5,3097.5,3087.0,3092.5,857
2023-12-19T10:00:00+00:00,3089.5,3091.0,3073.0,3082.5,989
2023-12-19T12:00:00+00:00,3082.0,3085.5,3072.0,3081.5,1190
2023-12-19T14:00:00+00:00,3082.0,3095.0,3080.0,3093.5,549
2023-12-19T16:00:00+00:00,3084.5,3095.5,3084.5,3091.0,344
2023-12-19T18:00:00+00:00,3091.0,3098.5,3091.0,3093.5,243
2023-12-19T20:00:00+00:00,3091.0,3098.0,3091.0,3094.0,71
2023-12-20T04:00:00+00:00,3094.0,3094.0,3094.0,3094.0,1
2023-12-20T06:00:00+00:00,3094.0,3103.0,3090.0,3102.0,1875
2023-12-20T08:00:00+00:00,3102.5,3122.0,3100.0,3109.0,3337
2023-12-20T10:00:00+00:00,3109.0,3117.5,3109.0,3117.5,2167
2023-12-20T12:00:00+00:00,3118.0,3121.0,3110.5,3116.5,1322
2023-12-20T14:00:00+00:00,3116.0,3119.0,3109.5,3111.5,656
2023-12-20T16:00:00+00:00,3110.5,3112.0,3099.0,3107.5,600
2023-12-20T18:00:00+00:00,3107.5,3110.0,3105.0,3108.0,951
2023-12-20T20:00:00+00:00,3107.5,3108.0,3102.0,3102.0,126
2023-12-21T04:00:00+00:00,3105.0,3105.0,3105.0,3105.0,1
2023-12-21T06:00:00+00:00,3103.0,3104.0,3090.5,3091.0,1899
2023-12-21T08:00:00+00:00,3090.5,3105.0,3085.5,3093.0,2150
2023-12-21T10:00:00+00:00,3092.5,3095.0,3080.0,3084.5,1268
2023-12-21T12:00:00+00:00,3083.0,3085.0,3057.0,3072.0,6301
2023-12-21T14:00:00+00:00,3071.0,3081.0,3060.5,3075.0,2834
2023-12-21T16:00:00+00:00,3075.0,3087.0,3075.0,3083.5,355
2023-12-21T18:00:00+00:00,3081.0,3086.0,3079.0,3081.0,147
2023-12-21T20:00:00+00:00,3082.0,3083.0,3077.5,3077.5,152
2023-12-22T06:00:00+00:00,3080.0,3106.5,3080.0,3102.0,2268
2023-12-22T08:00:00+00:00,3101.5,3109.0,3097.5,3101.0,2090
2023-12-22T10:00:00+00:00,3102.0,3108.0,3092.5,3097.5,1072
2023-12-22T12:00:00+00:00,3099.0,3104.5,3092.5,3103.5,783
2023-12-22T14:00:00+00:00,3102.0,3107.0,3100.0,3100.0,1272
2023-12-22T16:00:00+00:00,3106.5,3106.5,3097.0,3100.0,391
2023-12-22T18:00:00+00:00,3099.0,3100.5,3097.0,3100.0,255
2023-12-22T20:00:00+00:00,3100.0,3103.5,3099.0,3103.5,809
2023-12-25T04:00:00+00:00,3101.0,3101.0,3101.0,3101.0,4
2023-12-25T06:00:00+00:00,3103.0,3121.0,3103.0,3112.0,3442
2023-12-25T08:00:00+00:00,3113.0,3115.0,3109.5,3110.5,3865
2023-12-25T10:00:00+00:00,3110.5,3110.5,3101.0,3102.5,1129
2023-12-25T12:00:00+00:00,3102.0,3103.5,3094.0,3099.0,1913
2023-12-25T14:00:00+00:00,3099.5,3104.5,3096.0,3103.0,1213
2023-12-25T16:00:00+00:00,3103.0,3103.0,3092.0,3097.0,2067
2023-12-25T18:00:00+00:00,3095.5,3098.0,3095.0,3097.5,571
2023-12-25T20:00:00+00:00,3097.5,3097.5,3094.0,3094.0,76
2023-12-26T04:00:00+00:00,3095.0,3095.0,3095.0,3095.0,1
2023-12-26T06:00:00+00:00,3094.0,3100.0,3089.5,3091.0,3549
2023-12-26T08:00:00+00:00,3091.5,3096.0,3089.5,3089.5,1908
2023-12-26T10:00:00+00:00,3089.0,3093.0,3086.5,3092.5,855
2023-12-26T12:00:00+00:00,3092.5,3104.0,3092.5,3101.5,978
2023-12-26T14:00:00+00:00,3101.5,3105.0,3097.0,3098.5,1079
2023-12-26T16:00:00+00:00,3097.5,3103.5,3095.5,3102.5,408
2023-12-26T18:00:00+00:00,3102.5,3105.0,3101.0,3104.5,98
2023-12-26T20:00:00+00:00,3105.0,3105.0,3100.0,3100.0,76
2023-12-27T06:00:00+00:00,3100.0,3112.0,3095.0,3112.0,1807
2023-12-27T08:00:00+00:00,3112.0,3118.0,3110.5,3112.0,1139
2023-12-27T10:00:00+00:00,3111.5,3113.0,3108.0,3111.5,564
2023-12-27T12:00:00+00:00,3112.0,3114.0,3106.0,3107.5,1000
2023-12-27T14:00:00+00:00,3107.5,3109.0,3101.0,3104.0,581
2023-12-27T16:00:00+00:00,3102.0,3104.0,3100.0,3104.0,364
2023-12-27T18:00:00+00:00,3105.0,3108.0,3098.5,3102.5,345
2023-12-27T20:00:00+00:00,3104.0,3104.0,3101.0,3102.0,36
2023-12-28T06:00:00+00:00,3102.0,3104.0,3090.5,3096.0,2211
2023-12-28T08:00:00+00:00,3095.0,3097.5,3088.0,3089.0,2086
2023-12-28T10:00:00+00:00,3089.0,3094.0,3088.0,3093.5,571
2023-12-28T12:00:00+00:00,3093.5,3095.0,3088.0,3094.0,566
2023-12-28T14:00:00+00:00,3094.5,3105.5,3094.5,3096.0,1237
2023-12-28T16:00:00+00:00,3098.0,3100.5,3097.0,3098.5,199
2023-12-28T18:00:00+00:00,3098.5,3101.0,3097.0,3099.0,109
2023-12-28T20:00:00+00:00,3098.5,3098.5,3095.0,3098.0,38
2023-12-29T06:00:00+00:00,3099.0,3100.0,3090.0,3094.5,449
2023-12-29T08:00:00+00:00,3094.0,3102.0,3091.0,3097.5,1652
2023-12-29T10:00:00+00:00,3099.0,3106.5,3097.0,3101.5,1221
2023-12-29T12:00:00+00:00,3102.5,3102.5,3098.0,3101.0,941
2023-12-29T14:00:00+00:00,3100.0,3105.0,3100.0,3102.5,1538
2023-12-29T16:00:00+00:00,3103.0,3104.5,3102.5,3102.5,132
2023-12-29T18:00:00+00:00,3103.5,3107.0,3102.5,3104.0,221
2023-12-29T20:00:00+00:00,3105.0,3105.0,3102.0,3103.0,246
2024-01-03T04:00:00+00:00,3103.0,3103.0,3103.0,3103.0,3
2024-01-03T06:00:00+00:00,3102.5,3125.0,3100.0,3122.5,1480
2024-01-03T08:00:00+00:00,3122.0,3127.5,3121.5,3125.0,2651
2024-01-03T10:00:00+00:00,3125.0,3129.5,3125.0,3128.5,819
2024-01-03T12:00:00+00:00,3128.5,3131.0,3128.0,3129.0,568
2024-01-03T14:00:00+00:00,3129.5,3139.0,3129.5,3138.0,681
2024-01-03T16:00:00+00:00,3138.5,3141.0,3134.5,3139.5,401
2024-01-03T18:00:00+00:00,3139.5,3141.0,3138.5,3140.5,293
2024-01-03T20:00:00+00:00,3141.0,3141.5,3140.0,3141.0,22
2024-01-04T06:00:00+00:00,3139.5,3147.0,3136.5,3141.0,1517
2024-01-04T08:00:00+00:00,3141.5,3146.5,3140.0,3140.0,1130
2024-01-04T10:00:00+00:00,3139.0,3143.5,3138.5,3142.0,135
2024-01-04T12:00:00+00:00,3142.0,3142.0,3137.5,3138.5,803
2024-01-04T14:00:00+00:00,3138.5,3139.5,3133.0,3135.0,374
2024-01-04T16:00:00+00:00,3133.0,3138.0,3133.0,3137.0,115
2024-01-04T18:00:00+00:00,3137.0,3139.0,3136.5,3139.0,52
2024-01-04T20:00:00+00:00,3139.0,3139.0,3137.5,3139.0,6
2024-01-05T06:00:00+00:00,3139.5,3145.0,3139.0,3139.0,602
2024-01-05T08:00:00+00:00,3139.0,3139.0,3131.5,3133.0,1739
2024-01-05T10:00:00+00:00,3133.0,3137.0,3133.0,3134.0,435
2024-01-05T12:00:00+00:00,3133.5,3135.5,3133.0,3135.5,113
2024-01-05T14:00:00+00:00,3135.0,3138.5,3132.5,3134.5,586
2024-01-05T16:00:00+00:00,3135.0,3138.0,3132.5,3136.5,49
2024-01-05T18:00:00+00:00,3136.0,3136.0,3134.5,3136.0,31
2024-01-05T20:00:00+00:00,3135.5,3136.0,3134.5,3136.0,40
2024-01-08T04:00:00+00:00,3137.0,3137.0,3137.0,3137.0,1
2024-01-08T06:00:00+00:00,3136.0,3227.5,3135.0,3154.5,1828
2024-01-08T08:00:00+00:00,3154.0,3155.0,3149.0,3152.0,549
2024-01-08T10:00:00+00:00,3152.5,3161.0,3150.0,3160.5,962
2024-01-08T12:00:00+00:00,3160.0,3163.0,3157.5,3160.5,464
2024-01-08T14:00:00+00:00,3160.5,3161.5,3156.0,3159.0,1367
2024-01-08T16:00:00+00:00,3156.0,3158.5,3154.0,3154.5,1488
2024-01-08T18:00:00+00:00,3154.5,3158.5,3154.5,3157.5,306
2024-01-08T20:00:00+00:00,3156.5,3157.5,3156.0,3157.0,26
2024-01-09T04:00:00+00:00,3157.5,3157.5,3157.5,3157.5,1
2024-01-09T06:00:00+00:00,3157.0,3159.0,3147.0,3151.0,1172
2024-01-09T08:00:00+00:00,3150.0,3160.0,3149.5,3152.5,895
2024-01-09T10:00:00+00:00,3152.5,3154.5,3150.0,3154.0,478
2024-01-09T12:00:00+00:00,3152.5,3152.5,3146.0,3152.5,493
2024-01-09T14:00:00+00:00,3152.5,3164.0,3152.0,3163.5,1059
2024-01-09T16:00:00+00:00,3164.5,3166.5,3161.0,3164.5,392
2024-01-09T18:00:00+00:00,3164.5,3166.5,3155.0,3163.0,235
2024-01-09T20:00:00+00:00,3163.0,3165.5,3156.0,3162.5,46
2024-01-10T04:00:00+00:00,3162.5,3162.5,3162.5,3162.5,6
2024-01-10T06:00:00+00:00,3161.5,3170.0,3154.0,3170.0,639
2024-01-10T08:00:00+00:00,3169.5,3173.0,3167.5,3171.0,696
2024-01-10T10:00:00+00:00,3171.0,3175.0,3170.5,3175.0,713
2024-01-10T12:00:00+00:00,3174.5,3178.5,3171.0,3171.5,862
2024-01-10T14:00:00+00:00,3171.5,3178.5,3170.0,3177.0,570
2024-01-10T16:00:00+00:00,3175.5,3178.5,3166.0,3166.0,1528
2024-01-10T18:00:00+00:00,3166.5,3167.0,3162.5,3165.5,419
2024-01-10T20:00:00+00:00,3165.5,3167.0,3164.0,3165.5,189
2024-01-11T04:00:00+00:00,3167.0,3167.0,3167.0,3167.0,1
2024-01-11T06:00:00+00:00,3167.0,3171.0,3156.0,3158.0,1317
2024-01-11T08:00:00+00:00,3158.0,3168.5,3153.0,3166.5,1306
2024-01-11T10:00:00+00:00,3168.5,3176.0,3167.0,3173.5,2020
2024-01-11T12:00:00+00:00,3174.0,3175.5,3167.0,3169.5,1047
2024-01-11T14:00:00+00:00,3169.0,3175.5,3164.0,3172.0,713
2024-01-11T16:00:00+00:00,3174.5,3179.5,3173.5,3177.0,996
2024-01-11T18:00:00+00:00,3178.5,3179.0,3173.5,3176.0,224
2024-01-11T20:00:00+00:00,3176.5,3178.5,3176.5,3178.0,107
2024-01-12T04:00:00+00:00,3178.5,3178.5,3178.5,3178.5,5
2024-01-12T06:00:00+00:00,3176.5,3188.0,3176.0,3183.0,687
2024-01-12T08:00:00+00:00,3181.5,3191.0,3180.0,3190.5,805
2024-01-12T10:00:00+00:00,3190.5,3199.0,3190.0,3195.5,1258
2024-01-12T12:00:00+00:00,3197.0,3198.5,3193.5,3194.5,486
2024-01-12T14:00:00+00:00,3194.5,3201.0,3194.5,3196.5,783
2024-01-12T16:00:00+00:00,3196.5,3196.5,3191.0,3194.0,102
2024-01-12T18:00:00+00:00,3193.5,3194.5,3191.0,3193.5,109
2024-01-12T20:00:00+00:00,3193.5,3195.0,3192.0,3192.0,41
2024-01-15T06:00:00+00:00,3192.0,3204.5,3192.0,3198.0,894
2024-01-15T08:00:00+00:00,3198.0,3200.0,3194.0,3196.0,1304
2024-01-15T10:00:00+00:00,3196.0,3197.0,3182.5,3188.5,1544
2024-01-15T12:00:00+00:00,3187.5,3190.5,3185.5,3189.5,228
2024-01-15T14:00:00+00:00,3189.0,3189.0,3181.0,3181.0,969
2024-01-15T16:00:00+00:00,3190.0,3190.0,3185.5,3187.5,120
2024-01-15T18:00:00+00:00,3187.5,3189.0,3186.5,3189.0,16
2024-01-15T20:00:00+00:00,3187.0,3188.5,3187.0,3187.5,25
2024-01-16T04:00:00+00:00,3182.0,3182.0,3182.0,3182.0,5
2024-01-16T06:00:00+00:00,3182.0,3188.0,3168.5,3175.5,2028
2024-01-16T08:00:00+00:00,3175.0,3178.5,3170.0,3175.5,5834
2024-01-16T10:00:00+00:00,3176.5,3185.0,3176.5,3182.0,657
2024-01-16T12:00:00+00:00,3183.0,3185.0,3175.0,3178.0,601
2024-01-16T14:00:00+00:00,3178.0,3184.0,3174.5,3178.5,703
2024-01-16T16:00:00+00:00,3178.5,3181.5,3177.5,3177.5,41
2024-01-16T18:00:00+00:00,3178.5,3185.5,3177.5,3184.0,805
2024-01-16T20:00:00+00:00,3182.5,3182.5,3181.5,3181.5,6
2024-01-17T06:00:00+00:00,3183.0,3189.5,3175.0,3186.5,576
2024-01-17T08:00:00+00:00,3186.5,3195.0,3186.0,3186.5,828
2024-01-17T10:00:00+00:00,3186.5,3191.5,3181.0,3190.5,421
2024-01-17T12:00:00+00:00,3188.5,3190.0,3179.5,3181.5,480
2024-01-17T14:00:00+00:00,3181.5,3191.0,3179.5,3187.0,1114
2024-01-17T16:00:00+00:00,3187.5,3194.0,3185.0,3187.5,1130
2024-01-17T18:00:00+00:00,3186.5,3187.5,3186.0,3186.5,39
2024-01-17T20:00:00+00:00,3188.0,3189.0,3188.0,3189.0,4
2024-01-18T04:00:00+00:00,3199.0,3199.0,3199.0,3199.0,55
2024-01-18T06:00:00+00:00,3187.5,3195.5,3186.0,3191.0,210
2024-01-18T08:00:00+00:00,3193.0,3197.5,3190.0,3193.0,490
2024-01-18T10:00:00+00:00,3193.0,3196.5,3189.5,3190.5,241
2024-01-18T12:00:00+00:00,3190.0,3190.0,3178.0,3181.5,3686
2024-01-18T14:00:00+00:00,3181.5,3187.5,3180.5,3185.0,292
2024-01-18T16:00:00+00:00,3183.0,3183.0,3179.5,3181.5,327
2024-01-18T18:00:00+00:00,3181.5,3183.0,3180.5,3181.0,48
2024-01-18T20:00:00+00:00,3181.5,3181.5,3177.0,3179.5,81
2024-01-19T06:00:00+00:00,3177.0,3182.0,3157.0,3166.5,2641
2024-01-19T08:00:00+00:00,3167.0,3173.0,3163.0,3171.5,836
2024-01-19T10:00:00+00:00,3171.5,3173.0,3166.5,3170.5,362
2024-01-19T12:00:00+00:00,3168.5,3170.0,3160.0,3165.5,1434
2024-01-19T14:00:00+00:00,3165.5,3174.0,3164.5,3169.5,730
2024-01-19T16:00:00+00:00,3172.0,3172.0,3164.5,3171.0,375
2024-01-19T18:00:00+00:00,3171.0,3171.0,3167.5,3169.0,75
2024-01-19T20:00:00+00:00,3170.0,3170.0,3165.5,3165.5,307
2024-01-22T04:00:00+00:00,3165.5,3165.5,3165.5,3165.5,36
2024-01-22T06:00:00+00:00,3168.0,3176.5,3160.0,3169.5,633
2024-01-22T08:00:00+00:00,3169.5,3179.5,3169.5,3177.0,1079
2024-01-22T10:00:00+00:00,3177.0,3177.5,3173.0,3177.0,510
2024-01-22T12:00:00+00:00,3177.0,3183.0,3177.0,3177.5,1037
2024-01-22T14:00:00+00:00,3177.0,3180.5,3175.0,3180.5,403
2024-01-22T16:00:00+00:00,3180.5,3181.0,3176.5,3178.0,92
2024-01-22T18:00:00+00:00,3178.0,3180.5,3177.5,3179.5,61
2024-01-22T20:00:00+00:00,3180.0,3180.5,3178.5,3180.5,107
2024-01-23T06:00:00+00:00,3181.0,3184.0,3173.5,3173.5,878
2024-01-23T08:00:00+00:00,3173.0,3183.0,3172.5,3180.0,296
2024-01-23T10:00:00+00:00,3180.5,3180.5,3172.0,3178.0,350
2024-01-23T12:00:00+00:00,3176.5,3180.0,3175.5,3180.0,158
2024-01-23T14:00:00+00:00,3179.0,3181.5,3177.0,3177.0,216
2024-01-23T16:00:00+00:00,3179.0,3179.5,3174.5,3177.0,52
2024-01-23T18:00:00+00:00,3177.0,3181.0,3177.0,3180.0,75
2024-01-23T20:00:00+00:00,3180.0,3181.0,3179.5,3179.5,24
2024-01-24T06:00:00+00:00,3181.0,3188.5,3177.0,3180.5,882
2024-01-24T08:00:00+00:00,3180.0,3182.5,3168.0,3168.5,863
2024-01-24T10:00:00+00:00,3168.5,3173.5,3156.0,3161.5,1302
2024-01-24T12:00:00+00:00,3160.5,3172.0,3158.0,3168.5,784
2024-01-24T14:00:00+00:00,3168.5,3170.0,3165.0,3170.0,413
2024-01-24T16:00:00+00:00,3167.5,3170.0,3162.0,3169.0,95
2024-01-24T18:00:00+00:00,3168.0,3168.0,3166.0,3166.0,49
2024-01-24T20:00:00+00:00,3167.0,3167.0,3165.0,3166.5,44
2024-01-25T06:00:00+00:00,3166.5,3170.0,3147.0,3152.0,2674
2024-01-25T08:00:00+00:00,3153.5,3159.0,3152.0,3155.0,628
2024-01-25T10:00:00+00:00,3156.0,3160.5,3152.5,3156.0,630
2024-01-25T12:00:00+00:00,3157.0,3166.0,3156.0,3163.0,362
2024-01-25T14:00:00+00:00,3163.5,3165.0,3161.0,3161.0,446
2024-01-25T16:00:00+00:00,3161.5,3161.5,3157.0,3159.0,277
2024-01-25T18:00:00+00:00,3161.0,3163.5,3159.0,3163.5,57
2024-01-25T20:00:00+00:00,3161.5,3164.5,3161.5,3164.5,19
2024-01-26T06:00:00+00:00,3162.5,3171.5,3161.0,3171.5,910
2024-01-26T08:00:00+00:00,3171.0,3177.0,3168.5,3175.5,515
2024-01-26T10:00:00+00:00,3175.0,3175.0,3168.5,3172.5,742
2024-01-26T12:00:00+00:00,3173.0,3173.5,3164.5,3172.0,606
2024-01-26T14:00:00+00:00,3171.0,3171.0,3165.0,3169.0,572
2024-01-26T16:00:00+00:00,3169.0,3170.0,3169.0,3170.0,111
2024-01-26T18:00:00+00:00,3170.5,3171.5,3169.0,3170.5,101
2024-01-26T20:00:00+00:00,3169.5,3171.0,3169.0,3170.5,59
2024-01-29T06:00:00+00:00,3169.0,3184.5,3169.0,3180.0,1431
2024-01-29T08:00:00+00:00,3181.0,3182.5,3177.0,3182.5,1344
2024-01-29T10:00:00+00:00,3182.0,3189.5,3182.0,3187.5,650
2024-01-29T12:00:00+00:00,3187.0,3188.5,3180.0,3183.0,372
2024-01-29T14:00:00+00:00,3182.5,3187.0,3178.5,3180.0,370
2024-01-29T16:00:00+00:00,3180.5,3184.0,3180.5,3183.5,112
2024-01-29T18:00:00+00:00,3183.5,3188.5,3182.0,3187.0,442
2024-01-29T20:00:00+00:00,3188.0,3188.5,3185.0,3187.5,231
2024-01-30T06:00:00+00:00,3187.0,3195.0,3180.5,3192.0,669
2024-01-30T08:00:00+00:00,3192.0,3202.5,3192.0,3193.0,1799
2024-01-30T10:00:00+00:00,3194.0,3195.0,3190.0,3191.0,4562
2024-01-30T12:00:00+00:00,3191.0,3191.5,3183.5,3191.5,6542
2024-01-30T14:00:00+00:00,3192.0,3200.5,3192.0,3200.5,3611
2024-01-30T16:00:00+00:00,3199.5,3199.5,3194.5,3194.5,100
2024-01-30T18:00:00+00:00,3194.5,3197.5,3192.5,3195.5,170
2024-01-30T20:00:00+00:00,3195.5,3199.0,3195.5,3199.0,489
2024-01-31T06:00:00+00:00,3199.5,3209.0,3199.0,3208.0,1679
2024-01-31T08:00:00+00:00,3208.5,3214.0,3202.0,3203.0,812
2024-01-31T10:00:00+00:00,3205.0,3212.5,3205.0,3211.0,389
2024-01-31T12:00:00+00:00,3211.0,3219.0,3211.0,3218.5,1711
2024-01-31T14:00:00+00:00,3219.0,3224.0,3217.5,3223.0,1523
2024-01-31T16:00:00+00:00,3220.5,3222.0,3219.0,3220.5,284
2024-01-31T18:00:00+00:00,3220.5,3222.0,3218.0,3222.0,236
2024-01-31T20:00:00+00:00,3221.5,3222.5,3220.0,3220.0,209
2024-02-01T04:00:00+00:00,3222.5,3222.5,3222.5,3222.5,1
2024-02-01T06:00:00+00:00,3223.0,3236.0,3214.0,3232.5,2177
2024-02-01T08:00:00+00:00,3232.5,3235.5,3230.5,3230.5,680
2024-02-01T10:00:00+00:00,3232.0,3234.5,3228.5,3233.0,522
2024-02-01T12:00:00+00:00,3233.0,3234.5,3227.0,3228.5,489
2024-02-01T14:00:00+00:00,3226.5,3230.5,3225.5,3227.5,354
2024-02-01T16:00:00+00:00,3227.0,3231.5,3225.0,3227.5,574
2024-02-01T18:00:00+00:00,3227.0,3228.5,3222.0,3225.5,311
2024-02-01T20:00:00+00:00,3226.0,3229.0,3225.0,3228.0,77
2024-02-02T04:00:00+00:00,3228.0,3228.0,3228.0,3228.0,5
2024-02-02T06:00:00+00:00,3228.0,3232.5,3219.5,3224.0,1962
2024-02-02T08:00:00+00:00,3223.5,3229.5,3219.5,3228.0,853
2024-02-02T10:00:00+00:00,3228.0,3234.0,3225.0,3234.0,898
2024-02-02T12:00:00+00:00,3233.5,3236.0,3230.0,3232.0,704
2024-02-02T14:00:00+00:00,3231.5,3235.5,3228.5,3235.5,1135
2024-02-02T16:00:00+00:00,3233.0,3233.5,3228.5,3229.0,1353
2024-02-02T18:00:00+00:00,3229.0,3230.5,3227.0,3229.0,504
2024-02-02T20:00:00+00:00,3228.5,3229.5,3228.0,3229.5,264
2024-02-05T06:00:00+00:00,3230.0,3238.5,3226.0,3229.0,2103
2024-02-05T08:00:00+00:00,3229.0,3235.0,3228.0,3229.0,729
2024-02-05T10:00:00+00:00,3228.5,3239.0,3226.5,3232.5,299
2024-02-05T12:00:00+00:00,3231.0,3232.5,3225.0,3228.0,362
2024-02-05T14:00:00+00:00,3227.5,3234.0,3227.5,3233.5,334
2024-02-05T16:00:00+00:00,3232.0,3232.5,3228.5,3231.0,55
2024-02-05T18:00:00+00:00,3231.0,3233.0,3231.0,3233.0,17
2024-02-05T20:00:00+00:00,3233.0,3234.0,3233.0,3233.0,9
2024-02-06T06:00:00+00:00,3233.0,3237.0,3230.5,3234.0,456
2024-02-06T08:00:00+00:00,3235.0,3238.0,3230.5,3232.0,1235
2024-02-06T10:00:00+00:00,3232.0,3236.5,3230.0,3235.5,413
2024-02-06T12:00:00+00:00,3236.0,3236.5,3233.5,3235.5,498
2024-02-06T14:00:00+00:00,3235.5,3245.0,3235.5,3244.0,1367
2024-02-06T16:00:00+00:00,3241.5,3243.5,3239.5,3241.5,174
2024-02-06T18:00:00+00:00,3241.0,3243.5,3241.0,3242.0,241
2024-02-06T20:00:00+00:00,3243.5,3243.5,3242.0,3243.5,23
2024-02-07T04:00:00+00:00,3243.5,3243.5,3243.5,3243.5,2
2024-02-07T06:00:00+00:00,3243.5,3250.5,3240.0,3248.5,1038
2024-02-07T08:00:00+00:00,3250.0,3252.0,3248.0,3252.0,1489
2024-02-07T10:00:00+00:00,3252.0,3260.0,3251.5,3258.5,1429
2024-02-07T12:00:00+00:00,3258.5,3261.0,3255.5,3260.5,1146
2024-02-07T14:00:00+00:00,3261.0,3263.5,3256.5,3259.0,717
2024-02-07T16:00:00+00:00,3258.0,3261.5,3255.5,3259.0,273
2024-02-07T18:00:00+00:00,3258.0,3262.5,3258.0,3262.5,223
2024-02-07T20:00:00+00:00,3262.5,3263.5,3260.5,3263.0,34
2024-02-08T06:00:00+00:00,3263.5,3269.0,3240.0,3246.0,3230
2024-02-08T08:00:00+00:00,3245.5,3252.0,3241.0,3246.0,1257
2024-02-08T10:00:00+00:00,3244.5,3257.0,3240.5,3252.0,835
2024-02-08T12:00:00+00:00,3251.5,3253.5,3249.0,3250.5,394
2024-02-08T14:00:00+00:00,3249.0,3251.0,3242.0,3242.0,316
2024-02-08T16:00:00+00:00,3243.0,3244.0,3238.5,3242.0,425
2024-02-08T18:00:00+00:00,3240.0,3240.0,3231.5,3235.0,1372
2024-02-08T20:00:00+00:00,3235.5,3236.5,3232.5,3232.5,161
2024-02-09T04:00:00+00:00,3233.5,3233.5,3233.5,3233.5,5
2024-02-09T06:00:00+00:00,3233.5,3240.0,3222.0,3227.5,2165
2024-02-09T08:00:00+00:00,3227.5,3244.5,3227.0,3244.5,1461
2024-02-09T10:00:00+00:00,3244.5,3245.0,3240.0,3243.0,490
2024-02-09T12:00:00+00:00,3244.5,3244.5,3232.5,3235.0,857
2024-02-09T14:00:00+00:00,3235.5,3243.0,3235.5,3240.0,320
2024-02-09T16:00:00+00:00,3240.0,3243.0,3240.0,3242.0,121
2024-02-09T18:00:00+00:00,3242.0,3243.0,3241.5,3243.0,61
2024-02-09T20:00:00+00:00,3243.0,3243.0,3240.5,3242.5,39
2024-02-12T04:00:00+00:00,3243.0,3243.0,3243.0,3243.0,2
2024-02-12T06:00:00+00:00,3243.0,3252.0,3237.5,3237.5,2225
2024-02-12T08:00:00+00:00,3240.0,3240.0,3232.5,3235.0,940
2024-02-12T10:00:00+00:00,3236.0,3242.5,3229.0,3229.0,1334
2024-02-12T12:00:00+00:00,3229.0,3240.5,3229.0,3236.0,1135
2024-02-12T14:00:00+00:00,3235.5,3252.0,3235.5,3248.0,746
2024-02-12T16:00:00+00:00,3251.5,3254.0,3250.5,3253.0,393
2024-02-12T18:00:00+00:00,3254.0,3254.5,3250.0,3252.0,406
2024-02-12T20:00:00+00:00,3251.5,3252.0,3250.5,3251.5,63
2024-02-13T06:00:00+00:00,3253.0,3260.5,3246.0,3260.5,1532
2024-02-13T08:00:00+00:00,3260.0,3263.5,3253.5,3258.0,1107
2024-02-13T10:00:00+00:00,3258.0,3258.0,3248.5,3250.0,615
2024-02-13T12:00:00+00:00,3250.0,3254.5,3246.5,3252.5,1556
2024-02-13T14:00:00+00:00,3252.5,3259.0,3251.5,3253.0,3337
2024-02-13T16:00:00+00:00,3252.5,3270.0,3252.5,3257.0,842
2024-02-13T18:00:00+00:00,3257.0,3258.5,3255.0,3257.5,71
2024-02-13T20:00:00+00:00,3258.0,3261.5,3256.5,3257.5,334
2024-02-14T06:00:00+00:00,3259.5,3270.0,3259.5,3267.0,958
2024-02-14T08:00:00+00:00,3267.0,3268.0,3260.0,3262.5,869
2024-02-14T10:00:00+00:00,3262.0,3265.0,3260.0,3262.0,177
2024-02-14T12:00:00+00:00,3262.5,3262.5,3256.0,3260.0,295
2024-02-14T14:00:00+00:00,3261.0,3262.5,3255.5,3256.0,207
2024-02-14T16:00:00+00:00,3258.5,3260.0,3252.0,3252.0,1012
2024-02-14T18:00:00+00:00,3252.0,3256.0,3246.0,3253.5,801
2024-02-14T20:00:00+00:00,3252.5,3254.0,3247.0,3247.0,47
2024-02-15T04:00:00+00:00,3245.5,3245.5,3245.5,3245.5,3
2024-02-15T06:00:00+00:00,3245.5,3256.0,3240.0,3246.0,1431
2024-02-15T08:00:00+00:00,3246.5,3250.5,3244.0,3248.0,429
2024-02-15T10:00:00+00:00,3248.5,3264.0,3247.0,3262.0,721
2024-02-15T12:00:00+00:00,3262.0,3266.0,3260.5,3266.0,480
2024-02-15T14:00:00+00:00,3266.0,3269.0,3263.0,3267.0,968
2024-02-15T16:00:00+00:00,3268.0,3268.5,3264.5,3264.5,145
2024-02-15T18:00:00+00:00,3264.5,3268.0,3264.5,3266.5,77
2024-02-15T20:00:00+00:00,3266.5,3268.0,3266.5,3267.0,132
2024-02-16T04:00:00+00:00,3265.5,3265.5,3265.5,3265.5,2
2024-02-16T06:00:00+00:00,3267.0,3278.0,3267.0,3275.0,1549
2024-02-16T08:00:00+00:00,3275.0,3278.5,3270.5,3273.0,283
2024-02-16T10:00:00+00:00,3273.0,3275.0,3252.5,3256.0,3400
2024-02-16T12:00:00+00:00,3254.5,3256.5,3240.0,3247.5,2906
2024-02-16T14:00:00+00:00,3247.0,3252.0,3242.0,3242.0,803
2024-02-16T16:00:00+00:00,3242.0,3247.5,3241.5,3246.0,725
2024-02-16T18:00:00+00:00,3246.0,3246.5,3245.0,3245.5,52
2024-02-16T20:00:00+00:00,3245.0,3247.5,3244.0,3246.0,179
2024-02-19T06:00:00+00:00,3245.5,3254.5,3235.0,3245.5,2494
2024-02-19T08:00:00+00:00,3245.5,3250.5,3240.5,3248.5,831
2024-02-19T10:00:00+00:00,3248.5,3252.5,3248.0,3250.5,367
2024-02-19T12:00:00+00:00,3250.5,3257.5,3250.5,3254.5,457
2024-02-19T14:00:00+00:00,3255.5,3256.5,3249.5,3249.5,414
2024-02-19T16:00:00+00:00,3252.0,3252.0,3245.0,3247.5,199
2024-02-19T18:00:00+00:00,3247.0,3247.0,3240.5,3244.0,145
2024-02-19T20:00:00+00:00,3244.0,3245.5,3240.0,3244.0,502
2024-02-20T06:00:00+00:00,3242.0,3245.0,3230.0,3232.0,1826
2024-02-20T08:00:00+00:00,3231.5,3237.0,3213.5,3221.5,4135
2024-02-20T10:00:00+00:00,3221.5,3228.5,3220.0,3226.0,647
2024-02-20T12:00:00+00:00,3225.5,3227.5,3219.0,3224.5,772
2024-02-20T14:00:00+00:00,3224.5,3225.0,3208.5,3209.0,1079
2024-02-20T16:00:00+00:00,3209.0,3209.0,3181.0,3191.0,3739
2024-02-20T18:00:00+00:00,3191.5,3195.0,3171.0,3181.5,1501
2024-02-20T20:00:00+00:00,3181.5,3181.5,3174.5,3174.5,481
2024-02-21T04:00:00+00:00,3178.5,3178.5,3178.5,3178.5,2
2024-02-21T06:00:00+00:00,3178.5,3192.0,3162.0,3185.5,7501
2024-02-21T08:00:00+00:00,3185.5,3186.0,3159.0,3164.5,5231
2024-02-21T10:00:00+00:00,3165.0,3165.0,3112.5,3143.5,4596
2024-02-21T12:00:00+00:00,3143.5,3177.5,3141.5,3175.0,3768
2024-02-21T14:00:00+00:00,3174.5,3174.5,3148.5,3155.0,1216
2024-02-21T16:00:00+00:00,3148.0,3154.5,3141.0,3148.0,975
2024-02-21T18:00:00+00:00,3148.0,3150.0,3144.5,3150.0,394
2024-02-21T20:00:00+00:00,3151.0,3154.0,3150.0,3151.5,113
2024-02-22T04:00:00+00:00,3157.0,3157.0,3157.0,3157.0,2
2024-02-22T06:00:00+00:00,3160.0,3170.0,3147.0,3154.0,1720
2024-02-22T08:00:00+00:00,3157.0,3163.5,3156.5,3159.0,1053
2024-02-22T10:00:00+00:00,3161.0,3168.5,3158.0,3166.5,937
2024-02-22T12:00:00+00:00,3168.0,3172.0,3151.0,3151.0,1196
2024-02-22T14:00:00+00:00,3151.0,3158.0,3146.5,3148.0,1252
2024-02-22T16:00:00+00:00,3147.5,3156.0,3147.5,3154.5,817
2024-02-22T18:00:00+00:00,3152.5,3168.0,3152.5,3167.0,334
2024-02-22T20:00:00+00:00,3166.0,3166.0,3160.0,3161.0,201
2024-02-26T04:00:00+00:00,3175.5,3175.5,3175.5,3175.5,216
2024-02-26T06:00:00+00:00,3175.5,3222.0,3175.0,3203.0,4879
2024-02-26T08:00:00+00:00,3203.0,3214.0,3202.0,3213.0,2172
2024-02-26T10:00:00+00:00,3213.0,3215.0,3204.5,3206.0,1292
2024-02-26T12:00:00+00:00,3208.0,3213.0,3204.0,3204.5,398
2024-02-26T14:00:00+00:00,3204.5,3218.0,3204.5,3216.5,629
2024-02-26T16:00:00+00:00,3217.0,3221.0,3215.0,3220.5,576
2024-02-26T18:00:00+00:00,3220.0,3221.0,3215.0,3219.0,350
2024-02-26T20:00:00+00:00,3220.0,3222.0,3220.0,3222.0,116
2024-02-27T04:00:00+00:00,3222.0,3222.0,3222.0,3222.0,1
2024-02-27T06:00:00+00:00,3222.0,3225.5,3212.5,3225.0,1184
2024-02-27T08:00:00+00:00,3225.5,3227.5,3212.5,3214.0,1076
2024-02-27T10:00:00+00:00,3213.5,3215.5,3206.0,3208.0,623
2024-02-27T12:00:00+00:00,3207.5,3216.5,3206.0,3213.5,659
2024-02-27T14:00:00+00:00,3213.5,3213.5,3210.5,3212.5,302
2024-02-27T16:00:00+00:00,3212.0,3218.5,3212.0,3216.5,119
2024-02-27T18:00:00+00:00,3216.5,3216.5,3215.5,3216.0,39
2024-02-27T20:00:00+00:00,3216.0,3218.0,3216.0,3216.0,62
2024-02-28T04:00:00+00:00,3216.5,3216.5,3216.5,3216.5,3
2024-02-28T06:00:00+00:00,3215.5,3235.0,3215.0,3233.5,1514
2024-02-28T08:00:00+00:00,3233.5,3241.5,3231.5,3234.0,1874
2024-02-28T10:00:00+00:00,3234.0,3236.5,3225.5,3230.0,1106
2024-02-28T12:00:00+00:00,3230.5,3235.5,3227.5,3229.5,741
2024-02-28T14:00:00+00:00,3228.0,3230.5,3226.0,3228.5,427
2024-02-28T16:00:00+00:00,3229.5,3230.5,3227.5,3230.0,90
2024-02-28T18:00:00+00:00,3229.5,3231.0,3228.0,3230.0,130
2024-02-28T20:00:00+00:00,3230.5,3230.5,3228.5,3229.0,58
2024-02-29T06:00:00+00:00,3230.5,3236.0,3229.0,3229.5,1158
2024-02-29T08:00:00+00:00,3229.0,3238.0,3227.5,3236.5,1186
2024-02-29T10:00:00+00:00,3236.0,3251.0,3236.0,3242.5,3785
2024-02-29T12:00:00+00:00,3244.5,3247.5,3244.0,3246.0,274
2024-02-29T14:00:00+00:00,3246.5,3262.5,3246.5,3260.0,1045
2024-02-29T16:00:00+00:00,3262.0,3262.5,3256.5,3260.0,305
2024-02-29T18:00:00+00:00,3261.0,3263.0,3259.0,3259.0,202
2024-02-29T20:00:00+00:00,3259.5,3262.0,3259.5,3262.0,47
2024-03-01T04:00:00+00:00,3263.0,3263.0,3263.0,3263.0,1
2024-03-01T06:00:00+00:00,3263.5,3269.5,3255.0,3260.0,1736
2024-03-01T08:00:00+00:00,3259.5,3264.0,3253.5,3258.5,1311
2024-03-01T10:00:00+00:00,3258.0,3263.5,3258.0,3262.0,268
2024-03-01T12:00:00+00:00,3262.5,3271.0,3261.5,3270.0,611
2024-03-01T14:00:00+00:00,3269.5,3272.0,3268.0,3271.5,767
2024-03-01T16:00:00+00:00,3271.5,3274.5,3269.5,3274.5,331
2024-03-01T18:00:00+00:00,3272.5,3274.5,3271.0,3274.0,107
2024-03-01T20:00:00+00:00,3273.0,3275.0,3273.0,3274.0,94
2024-03-04T04:00:00+00:00,3276.0,3276.0,3276.0,3276.0,8
2024-03-04T06:00:00+00:00,3278.0,3290.0,3275.0,3284.0,1586
2024-03-04T08:00:00+00:00,3284.0,3298.0,3283.0,3296.0,1593
2024-03-04T10:00:00+00:00,3295.0,3302.0,3293.0,3297.5,1122
2024-03-04T12:00:00+00:00,3297.0,3300.0,3293.5,3298.0,792
2024-03-04T14:00:00+00:00,3299.5,3300.0,3292.0,3300.0,800
2024-03-04T16:00:00+00:00,3297.0,3303.0,3297.0,3300.5,325
2024-03-04T18:00:00+00:00,3301.0,3306.5,3301.0,3305.5,386
2024-03-04T20:00:00+00:00,3304.5,3305.5,3304.0,3304.0,48
2024-03-05T06:00:00+00:00,3304.0,3312.0,3288.5,3291.5,2251
2024-03-05T08:00:00+00:00,3291.5,3304.5,3288.5,3302.5,1408
2024-03-05T10:00:00+00:00,3302.5,3310.0,3302.5,3305.0,2096
2024-03-05T12:00:00+00:00,3304.5,3310.0,3303.0,3310.0,271
2024-03-05T14:00:00+00:00,3310.5,3318.0,3300.0,3305.0,1501
2024-03-05T16:00:00+00:00,3303.5,3304.5,3298.5,3304.5,533
2024-03-05T18:00:00+00:00,3304.5,3309.0,3302.5,3306.0,179
2024-03-05T20:00:00+00:00,3306.0,3306.0,3298.0,3298.0,872
2024-03-06T04:00:00+00:00,3299.0,3299.0,3299.0,3299.0,1
2024-03-06T06:00:00+00:00,3298.5,3304.5,3294.0,3303.0,2235
2024-03-06T08:00:00+00:00,3302.0,3307.0,3297.0,3302.0,1222
2024-03-06T10:00:00+00:00,3303.0,3315.0,3303.0,3315.0,910
2024-03-06T12:00:00+00:00,3315.0,3319.5,3312.5,3313.0,886
2024-03-06T14:00:00+00:00,3312.0,3317.0,3310.5,3315.0,596
2024-03-06T16:00:00+00:00,3317.0,3319.5,3315.5,3315.5,328
2024-03-06T18:00:00+00:00,3315.5,3316.0,3313.0,3313.0,225
2024-03-06T20:00:00+00:00,3313.0,3313.0,3311.0,3312.0,164
2024-03-07T06:00:00+00:00,3311.0,3318.5,3307.0,3315.5,2733
2024-03-07T08:00:00+00:00,3315.5,3315.5,3306.0,3308.0,1294
2024-03-07T10:00:00+00:00,3308.0,3316.5,3307.0,3314.0,468
2024-03-07T12:00:00+00:00,3315.0,3318.0,3308.5,3316.5,770
2024-03-07T14:00:00+00:00,3317.0,3319.5,3314.0,3316.0,555
2024-03-07T16:00:00+00:00,3316.5,3325.0,3316.5,3322.5,766
2024-03-07T18:00:00+00:00,3322.0,3324.5,3318.0,3324.5,291
2024-03-07T20:00:00+00:00,3322.0,3325.0,3321.0,3325.0,205
2024-03-11T06:00:00+00:00,3325.0,3342.0,3325.0,3339.0,2233
2024-03-11T08:00:00+00:00,3337.0,3338.0,3325.5,3330.0,1343
2024-03-11T10:00:00+00:00,3330.5,3334.5,3330.0,3334.5,359
2024-03-11T12:00:00+00:00,3334.5,3334.5,3325.5,3327.5,858
2024-03-11T14:00:00+00:00,3328.0,3328.5,3317.5,3320.0,1099
2024-03-11T16:00:00+00:00,3321.0,3325.0,3321.0,3323.5,248
2024-03-11T18:00:00+00:00,3323.5,3325.5,3323.5,3324.0,160
2024-03-11T20:00:00+00:00,3325.0,3326.5,3324.5,3326.5,35
2024-03-12T04:00:00+00:00,3327.0,3327.0,3327.0,3327.0,2
2024-03-12T06:00:00+00:00,3327.0,3327.0,3305.5,3315.0,2205
2024-03-12T08:00:00+00:00,3315.0,3322.0,3313.5,3318.0,796
2024-03-12T10:00:00+00:00,3318.5,3327.0,3317.0,3325.0,615
2024-03-12T12:00:00+00:00,3325.5,3333.0,3324.0,3328.0,1517
2024-03-12T14:00:00+00:00,3329.0,3341.0,3327.5,3336.5,1259
2024-03-12T16:00:00+00:00,3339.5,3340.5,3336.5,3337.0,514
2024-03-12T18:00:00+00:00,3337.5,3338.5,3337.0,3338.5,139
2024-03-12T20:00:00+00:00,3338.0,3338.5,3337.5,3337.5,85
2024-03-13T06:00:00+00:00,3339.0,3348.5,3337.0,3337.0,1741
2024-03-13T08:00:00+00:00,3337.5,3343.5,3333.5,3334.0,1131
2024-03-13T10:00:00+00:00,3334.0,3334.0,3325.5,3332.0,1049
2024-03-13T12:00:00+00:00,3332.0,3336.0,3329.5,3330.0,580
2024-03-13T14:00:00+00:00,3329.0,3331.5,3322.0,3324.0,552
2024-03-13T16:00:00+00:00,3323.0,3324.5,3320.5,3324.5,631
2024-03-13T18:00:00+00:00,3325.0,3325.0,3320.0,3320.5,176
2024-03-13T20:00:00+00:00,3320.5,3320.5,3320.0,3320.5,36
2024-03-14T06:00:00+00:00,3320.0,3323.0,3303.5,3304.0,2183
2024-03-14T08:00:00+00:00,3304.0,3313.0,3295.0,3312.0,3360
2024-03-14T10:00:00+00:00,3312.5,3314.5,3304.0,3308.5,815
2024-03-14T12:00:00+00:00,3308.5,3308.5,3291.0,3296.0,2515
2024-03-14T14:00:00+00:00,3297.0,3314.0,3296.5,3299.0,1134
2024-03-14T16:00:00+00:00,3299.5,3304.0,3298.5,3299.0,535
2024-03-14T18:00:00+00:00,3300.5,3304.0,3297.0,3298.5,471
2024-03-14T20:00:00+00:00,3298.5,3301.0,3298.5,3300.0,159
2024-03-15T04:00:00+00:00,3299.0,3299.0,3299.0,3299.0,1
2024-03-15T06:00:00+00:00,3299.0,3313.0,3296.0,3300.0,1765
2024-03-15T08:00:00+00:00,3299.5,3306.5,3298.0,3305.0,940
2024-03-15T10:00:00+00:00,3304.5,3318.5,3302.5,3315.5,1157
2024-03-15T12:00:00+00:00,3316.0,3317.0,3300.0,3307.0,2395
2024-03-15T14:00:00+00:00,3307.0,3313.5,3306.0,3307.0,779
2024-03-15T16:00:00+00:00,3307.5,3310.0,3304.5,3307.0,914
2024-03-15T18:00:00+00:00,3306.5,3308.0,3306.0,3306.5,254
2024-03-15T20:00:00+00:00,3307.0,3307.0,3304.5,3306.5,494
2024-03-18T04:00:00+00:00,3308.0,3308.0,3308.0,3308.0,4
2024-03-18T06:00:00+00:00,3308.0,3368.0,3299.0,3303.0,5223
2024-03-18T08:00:00+00:00,3302.0,3305.0,3297.0,3303.5,1105
2024-03-18T10:00:00+00:00,3302.0,3308.0,3301.5,3306.0,488
2024-03-18T12:00:00+00:00,3307.0,3308.5,3301.5,3301.5,753
2024-03-18T14:00:00+00:00,3302.0,3308.0,3299.5,3299.5,869
2024-03-18T16:00:00+00:00,3302.0,3303.5,3298.0,3299.0,212
2024-03-18T18:00:00+00:00,3298.5,3303.5,3297.0,3303.5,336
2024-03-18T20:00:00+00:00,3302.0,3302.0,3300.0,3300.5,131
2024-03-19T06:00:00+00:00,3299.0,3304.5,3287.0,3300.0,1501
2024-03-19T08:00:00+00:00,3300.5,3307.5,3298.0,3300.0,591
2024-03-19T10:00:00+00:00,3300.0,3305.0,3295.0,3297.0,2329
2024-03-19T12:00:00+00:00,3296.0,3300.0,3291.0,3293.0,1451
2024-03-19T14:00:00+00:00,3293.0,3293.5,3256.0,3272.0,8299
2024-03-19T16:00:00+00:00,3271.0,3275.0,3264.0,3274.5,1035
2024-03-19T18:00:00+00:00,3273.5,3275.0,3268.5,3270.5,304
2024-03-19T20:00:00+00:00,3271.0,3272.0,3268.5,3268.5,145
2024-03-20T04:00:00+00:00,3269.0,3269.0,3269.0,3269.0,4
2024-03-20T06:00:00+00:00,3270.0,3283.5,3270.0,3280.5,2170
2024-03-20T08:00:00+00:00,3279.0,3285.0,3270.5,3282.0,1726
2024-03-20T10:00:00+00:00,3282.5,3290.0,3275.0,3278.5,1517
2024-03-20T12:00:00+00:00,3276.0,3276.5,3265.0,3276.0,1465
2024-03-20T14:00:00+00:00,3276.0,3279.5,3271.0,3271.0,470
2024-03-20T16:00:00+00:00,3272.5,3279.0,3272.0,3278.5,280
2024-03-20T18:00:00+00:00,3278.5,3284.5,3276.0,3284.5,428
2024-03-20T20:00:00+00:00,3284.5,3285.0,3281.0,3281.5,102
2024-03-21T04:00:00+00:00,3284.0,3284.0,3284.0,3284.0,1
2024-03-21T06:00:00+00:00,3284.0,3304.0,3283.0,3298.0,2904
2024-03-21T08:00:00+00:00,3298.0,3300.0,3287.5,3290.0,1820
2024-03-21T10:00:00+00:00,3290.0,3290.5,3281.5,3282.0,1524
2024-03-21T12:00:00+00:00,3282.0,3284.0,3262.5,3274.0,5139
2024-03-21T14:00:00+00:00,3277.0,3287.5,3269.0,3282.5,2032
2024-03-21T16:00:00+00:00,3282.5,3298.5,3282.5,3290.5,897
2024-03-21T18:00:00+00:00,3290.5,3290.5,3281.0,3288.5,410
2024-03-21T20:00:00+00:00,3289.0,3290.0,3288.0,3288.5,114
2024-03-22T06:00:00+00:00,3290.0,3296.5,3288.5,3294.0,1518
2024-03-22T08:00:00+00:00,3295.5,3303.0,3290.5,3291.0,2059
2024-03-22T10:00:00+00:00,3291.0,3298.0,3280.0,3282.0,3397
2024-03-22T12:00:00+00:00,3282.0,3282.0,3272.0,3272.0,2683
2024-03-22T14:00:00+00:00,3272.5,3274.5,3265.5,3271.5,2146
2024-03-22T16:00:00+00:00,3272.0,3274.0,3232.0,3244.5,4691
2024-03-22T18:00:00+00:00,3244.5,3259.0,3227.5,3241.5,8893
2024-03-22T20:00:00+00:00,3241.5,3246.5,3235.0,3246.0,2492
2024-03-25T04:00:00+00:00,3258.0,3258.0,3258.0,3258.0,52
2024-03-25T06:00:00+00:00,3258.0,3267.5,3248.5,3257.5,5097
2024-03-25T08:00:00+00:00,3256.0,3259.5,3240.5,3245.0,1595
2024-03-25T10:00:00+00:00,3244.0,3254.5,3228.0,3252.0,1798
2024-03-25T12:00:00+00:00,3252.0,3271.0,3247.5,3268.5,3829
2024-03-25T14:00:00+00:00,3268.5,3280.5,3268.5,3277.0,2574
2024-03-25T16:00:00+00:00,3277.5,3285.0,3276.5,3278.0,1240
2024-03-25T18:00:00+00:00,3278.0,3285.5,3277.5,3284.0,406
2024-03-25T20:00:00+00:00,3283.5,3288.0,3283.5,3288.0,274
2024-03-26T06:00:00+00:00,3288.5,3292.5,3279.0,3283.5,1399
2024-03-26T08:00:00+00:00,3283.5,3289.5,3280.0,3287.0,1555
2024-03-26T10:00:00+00:00,3287.5,3291.0,3277.0,3281.5,851
2024-03-26T12:00:00+00:00,3281.0,3288.5,3276.0,3281.5,662
2024-03-26T14:00:00+00:00,3283.5,3289.5,3283.5,3285.0,468
2024-03-26T16:00:00+00:00,3287.0,3291.0,3286.5,3289.5,247
2024-03-26T18:00:00+00:00,3289.0,3292.0,3287.5,3291.5,363
2024-03-26T20:00:00+00:00,3292.0,3292.0,3291.5,3291.5,42
2024-03-27T06:00:00+00:00,3292.5,3298.0,3289.0,3292.5,653
2024-03-27T08:00:00+00:00,3293.5,3298.0,3283.5,3288.5,1286
2024-03-27T10:00:00+00:00,3288.5,3291.0,3283.0,3285.5,379
2024-03-27T12:00:00+00:00,3287.5,3294.0,3281.5,3294.0,418
2024-03-27T14:00:00+00:00,3292.5,3302.5,3292.5,3301.5,901
2024-03-27T16:00:00+00:00,3302.0,3317.0,3302.0,3305.5,905
2024-03-27T18:00:00+00:00,3305.5,3310.5,3305.0,3310.5,548
2024-03-27T20:00:00+00:00,3310.5,3311.5,3309.0,3311.5,246
2024-03-28T06:00:00+00:00,3311.5,3317.0,3308.0,3311.0,936
2024-03-28T08:00:00+00:00,3310.5,3316.5,3309.0,3312.0,1105
2024-03-28T10:00:00+00:00,3311.0,3312.0,3307.5,3309.5,376
2024-03-28T12:00:00+00:00,3309.5,3312.0,3304.0,3310.0,1010
2024-03-28T14:00:00+00:00,3309.5,3315.0,3309.0,3315.0,390
2024-03-28T16:00:00+00:00,3315.0,3315.0,3311.5,3313.5,210
2024-03-28T18:00:00+00:00,3312.5,3315.0,3311.5,3315.0,79
2024-03-28T20:00:00+00:00,3313.5,3313.5,3313.0,3313.0,32
2024-03-29T04:00:00+00:00,3313.0,3313.0,3313.0,3313.0,1
2024-03-29T06:00:00+00:00,3313.0,3321.5,3309.0,3313.5,784
2024-03-29T08:00:00+00:00,3312.5,3317.0,3310.0,3315.5,272
2024-03-29T10:00:00+00:00,3315.5,3320.0,3315.5,3318.5,626
2024-03-29T12:00:00+00:00,3319.5,3330.0,3318.5,3323.5,1379
2024-03-29T14:00:00+00:00,3324.5,3331.0,3322.5,3328.5,1667
2024-03-29T16:00:00+00:00,3330.0,3336.0,3329.5,3332.5,906
2024-03-29T18:00:00+00:00,3331.0,3337.5,3331.0,3336.0,634
2024-03-29T20:00:00+00:00,3336.0,3336.0,3333.0,3334.5,42
2024-04-01T04:00:00+00:00,3337.0,3337.0,3337.0,3337.0,16
2024-04-01T06:00:00+00:00,3336.0,3363.5,3336.0,3362.0,3110
2024-04-01T08:00:00+00:00,3361.0,3367.0,3360.0,3362.0,1240
2024-04-01T10:00:00+00:00,3362.0,3363.0,3356.5,3357.5,698
2024-04-01T12:00:00+00:00,3357.5,3368.0,3356.5,3367.5,1307
2024-04-01T14:00:00+00:00,3367.5,3371.5,3360.5,3371.5,1375
2024-04-01T16:00:00+00:00,3370.0,3372.0,3368.0,3370.5,370
2024-04-01T18:00:00+00:00,3370.5,3373.5,3370.0,3373.5,382
2024-04-01T20:00:00+00:00,3373.0,3375.5,3370.0,3370.0,310
2024-04-02T04:00:00+00:00,3370.0,3370.0,3370.0,3370.0,21
2024-04-02T06:00:00+00:00,3370.0,3374.0,3360.5,3369.5,1648
2024-04-02T08:00:00+00:00,3369.5,3371.0,3364.0,3368.5,1812
2024-04-02T10:00:00+00:00,3368.5,3371.0,3360.0,3371.0,636
2024-04-02T12:00:00+00:00,3371.0,3371.0,3363.0,3364.0,619
2024-04-02T14:00:00+00:00,3365.0,3379.0,3364.0,3372.0,1248
2024-04-02T16:00:00+00:00,3373.0,3378.5,3373.0,3376.5,329
2024-04-02T18:00:00+00:00,3376.5,3379.5,3374.5,3378.0,578
2024-04-02T20:00:00+00:00,3378.0,3380.0,3378.0,3380.0,89
2024-04-03T04:00:00+00:00,3383.0,3383.0,3383.0,3383.0,10
2024-04-03T06:00:00+00:00,3380.0,3391.0,3374.5,3390.5,1210
2024-04-03T08:00:00+00:00,3391.0,3393.0,3384.5,3389.5,563
2024-04-03T10:00:00+00:00,3389.0,3390.0,3383.0,3384.5,370
2024-04-03T12:00:00+00:00,3384.5,3393.5,3381.0,3390.5,922
2024-04-03T14:00:00+00:00,3390.5,3398.5,3390.5,3398.5,1597
2024-04-03T16:00:00+00:00,3394.0,3399.0,3394.0,3396.5,686
2024-04-03T18:00:00+00:00,3396.5,3399.5,3396.0,3398.0,368
2024-04-03T20:00:00+00:00,3398.0,3399.5,3396.5,3396.5,117
2024-04-04T06:00:00+00:00,3396.5,3405.0,3394.0,3401.0,2246
2024-04-04T08:00:00+00:00,3400.5,3407.0,3400.0,3404.5,1544
2024-04-04T10:00:00+00:00,3405.0,3405.5,3399.0,3402.5,824
2024-04-04T12:00:00+00:00,3402.5,3405.5,3400.0,3405.0,419
2024-04-04T14:00:00+00:00,3404.5,3412.5,3404.5,3409.0,1623
2024-04-04T16:00:00+00:00,3408.5,3413.0,3407.0,3408.0,768
2024-04-04T18:00:00+00:00,3408.0,3412.0,3405.0,3406.5,771
2024-04-04T20:00:00+00:00,3406.5,3407.5,3400.0,3400.0,931
2024-04-05T04:00:00+00:00,3398.5,3398.5,3398.5,3398.5,10
2024-04-05T06:00:00+00:00,3398.5,3404.5,3390.0,3400.5,2157
2024-04-05T08:00:00+00:00,3400.5,3405.5,3393.5,3394.0,1415
2024-04-05T10:00:00+00:00,3394.0,3395.5,3388.0,3393.0,699
2024-04-05T12:00:00+00:00,3393.5,3399.5,3393.0,3397.0,410
2024-04-05T14:00:00+00:00,3396.5,3406.0,3393.0,3404.0,713
2024-04-05T16:00:00+00:00,3403.0,3405.0,3402.0,3405.0,112
2024-04-05T18:00:00+00:00,3405.0,3405.0,3399.5,3400.0,367
2024-04-05T20:00:00+00:00,3400.0,3400.5,3396.0,3400.0,313
2024-04-08T06:00:00+00:00,3404.0,3423.5,3400.0,3419.5,2356
2024-04-08T08:00:00+00:00,3417.5,3426.0,3416.5,3423.5,1855
2024-04-08T10:00:00+00:00,3424.0,3425.5,3420.0,3420.0,511
2024-04-08T12:00:00+00:00,3419.5,3425.0,3419.5,3421.5,639
2024-04-08T14:00:00+00:00,3421.5,3429.0,3421.5,3426.5,822
2024-04-08T16:00:00+00:00,3425.5,3428.5,3423.5,3424.5,612
2024-04-08T18:00:00+00:00,3424.0,3424.5,3421.5,3422.5,498
2024-04-08T20:00:00+00:00,3422.0,3422.5,3419.0,3419.5,491
2024-04-09T06:00:00+00:00,3423.0,3438.5,3419.5,3434.0,2292
2024-04-09T08:00:00+00:00,3434.0,3442.5,3432.0,3435.5,1688
2024-04-09T10:00:00+00:00,3436.0,3439.5,3426.5,3428.5,1045
2024-04-09T12:00:00+00:00,3426.0,3429.5,3413.5,3427.0,2296
2024-04-09T14:00:00+00:00,3428.5,3429.5,3412.5,3413.5,1398
2024-04-09T16:00:00+00:00,3413.5,3424.0,3413.5,3419.0,882
2024-04-09T18:00:00+00:00,3419.5,3429.5,3419.5,3422.0,308
2024-04-09T20:00:00+00:00,3422.0,3424.5,3420.0,3420.5,446
2024-04-10T06:00:00+00:00,3420.5,3427.0,3407.0,3416.5,2427
2024-04-10T08:00:00+00:00,3416.5,3432.5,3416.5,3428.0,1442
2024-04-10T10:00:00+00:00,3429.0,3440.0,3429.0,3436.0,1555
2024-04-10T12:00:00+00:00,3436.0,3443.0,3432.5,3435.0,1066
2024-04-10T14:00:00+00:00,3435.0,3441.5,3434.0,3439.0,622
2024-04-10T16:00:00+00:00,3441.0,3449.5,3440.5,3445.0,1159
2024-04-10T18:00:00+00:00,3444.5,3448.5,3441.5,3444.0,545
2024-04-10T20:00:00+00:00,3442.5,3443.5,3442.5,3442.5,4
2024-04-11T04:00:00+00:00,3440.5,3440.5,3440.5,3440.5,2
2024-04-11T06:00:00+00:00,3442.5,3459.5,3440.0,3449.0,2272
2024-04-11T08:00:00+00:00,3448.0,3452.0,3439.0,3442.0,1213
2024-04-11T10:00:00+00:00,3442.0,3446.5,3438.5,3438.5,389
2024-04-11T12:00:00+00:00,3439.0,3446.5,3436.0,3443.5,667
2024-04-11T14:00:00+00:00,3444.0,3448.0,3442.5,3443.0,1351
2024-04-11T16:00:00+00:00,3446.5,3447.0,3442.0,3444.5,509
2024-04-11T18:00:00+00:00,3444.5,3446.5,3444.5,3446.0,113
2024-04-11T20:00:00+00:00,3446.5,3447.5,3446.5,3446.5,99
2024-04-12T06:00:00+00:00,3446.5,3455.5,3445.0,3452.5,1323
2024-04-12T08:00:00+00:00,3452.5,3463.0,3448.0,3459.0,2624
2024-04-12T10:00:00+00:00,3461.0,3462.0,3458.0,3461.0,710
2024-04-12T12:00:00+00:00,3460.5,3466.0,3455.0,3464.5,1428
2024-04-12T14:00:00+00:00,3465.0,3469.0,3459.5,3462.0,1151
2024-04-12T16:00:00+00:00,3462.0,3464.5,3457.0,3458.0,537
2024-04-12T18:00:00+00:00,3458.0,3460.5,3456.0,3459.5,497
2024-04-12T20:00:00+00:00,3460.5,3460.5,3458.0,3460.5,708
2024-04-15T04:00:00+00:00,3463.5,3463.5,3463.5,3463.5,51
2024-04-15T06:00:00+00:00,3466.5,3470.0,3456.5,3461.5,2444
2024-04-15T08:00:00+00:00,3461.5,3472.0,3457.5,3470.5,1653
2024-04-15T10:00:00+00:00,3471.5,3477.0,3471.0,3473.0,1382
2024-04-15T12:00:00+00:00,3473.0,3480.0,3469.0,3477.0,737
2024-04-15T14:00:00+00:00,3477.5,3480.0,3470.5,3476.0,408
2024-04-15T16:00:00+00:00,3476.0,3479.5,3474.0,3475.5,449
2024-04-15T18:00:00+00:00,3475.5,3476.5,3474.0,3476.0,227
2024-04-15T20:00:00+00:00,3476.5,3478.0,3475.5,3478.0,377
2024-04-16T04:00:00+00:00,3476.0,3476.0,3476.0,3476.0,9
2024-04-16T06:00:00+00:00,3478.0,3483.0,3468.0,3472.0,2038
2024-04-16T08:00:00+00:00,3471.5,3476.0,3466.0,3473.0,1263
2024-04-16T10:00:00+00:00,3471.0,3472.5,3465.0,3465.5,1256
2024-04-16T12:00:00+00:00,3466.0,3472.0,3466.0,3472.0,534
2024-04-16T14:00:00+00:00,3471.0,3472.0,3465.0,3468.5,499
2024-04-16T16:00:00+00:00,3467.5,3468.0,3461.5,3466.5,827
2024-04-16T18:00:00+00:00,3466.0,3469.0,3466.0,3467.0,466
2024-04-16T20:00:00+00:00,3467.0,3472.0,3467.0,3467.5,277
2024-04-17T06:00:00+00:00,3471.0,3478.0,3466.5,3471.0,1069
2024-04-17T08:00:00+00:00,3470.0,3470.0,3447.0,3452.5,3419
2024-04-17T10:00:00+00:00,3452.0,3459.0,3449.5,3450.0,2057
2024-04-17T12:00:00+00:00,3449.0,3458.5,3444.0,3458.5,1548
2024-04-17T14:00:00+00:00,3458.5,3462.0,3454.5,3457.0,1301
2024-04-17T16:00:00+00:00,3456.0,3459.5,3454.0,3456.5,904
2024-04-17T18:00:00+00:00,3456.0,3458.5,3451.0,3451.0,816
2024-04-17T20:00:00+00:00,3451.0,3453.0,3451.0,3451.0,253
2024-04-18T06:00:00+00:00,3451.0,3458.0,3442.0,3448.0,1866
2024-04-18T08:00:00+00:00,3448.0,3455.0,3446.0,3451.0,1357
2024-04-18T10:00:00+00:00,3451.0,3451.5,3440.0,3445.0,833
2024-04-18T12:00:00+00:00,3445.0,3454.5,3444.0,3453.5,848
2024-04-18T14:00:00+00:00,3454.0,3463.0,3453.0,3459.0,1350
2024-04-18T16:00:00+00:00,3459.0,3465.0,3459.0,3463.5,376
2024-04-18T18:00:00+00:00,3462.5,3464.5,3462.0,3463.0,196
2024-04-18T20:00:00+00:00,3462.5,3463.5,3461.0,3462.0,109
2024-04-19T06:00:00+00:00,3462.0,3468.0,3458.5,3463.0,1734
2024-04-19T08:00:00+00:00,3463.0,3469.0,3453.5,3457.5,1201
2024-04-19T10:00:00+00:00,3457.5,3464.5,3457.5,3464.5,387
2024-04-19T12:00:00+00:00,3462.5,3473.5,3462.5,3473.0,662
2024-04-19T14:00:00+00:00,3473.0,3480.5,3471.5,3472.0,1845
2024-04-19T16:00:00+00:00,3477.0,3477.0,3472.0,3476.0,217
2024-04-19T18:00:00+00:00,3475.0,3476.5,3473.5,3473.5,943
2024-04-19T20:00:00+00:00,3474.5,3474.5,3471.5,3473.0,336
2024-04-22T06:00:00+00:00,3472.0,3481.5,3465.0,3475.5,2116
2024-04-22T08:00:00+00:00,3477.0,3478.0,3471.5,3473.5,806
2024-04-22T10:00:00+00:00,3474.5,3477.5,3468.0,3472.0,1052
2024-04-22T12:00:00+00:00,3471.0,3473.0,3468.5,3471.5,1079
2024-04-22T14:00:00+00:00,3471.0,3481.5,3469.5,3475.0,1680
2024-04-22T16:00:00+00:00,3478.0,3479.5,3476.0,3476.5,277
2024-04-22T18:00:00+00:00,3478.0,3480.0,3476.5,3478.0,310
2024-04-22T20:00:00+00:00,3478.0,3480.5,3478.0,3480.5,334
2024-04-23T04:00:00+00:00,3480.0,3480.0,3480.0,3480.0,25
2024-04-23T06:00:00+00:00,3480.0,3493.0,3478.5,3483.0,2245
2024-04-23T08:00:00+00:00,3482.5,3488.5,3471.0,3474.5,1739
2024-04-23T10:00:00+00:00,3474.5,3475.5,3462.0,3464.0,2370
2024-04-23T12:00:00+00:00,3464.0,3464.5,3447.5,3452.5,2990
2024-04-23T14:00:00+00:00,3452.5,3459.0,3433.0,3442.0,4928
2024-04-23T16:00:00+00:00,3439.5,3449.5,3438.0,3442.5,1639
2024-04-23T18:00:00+00:00,3442.5,3451.5,3440.5,3440.5,593
2024-04-23T20:00:00+00:00,3440.0,3442.0,3438.0,3442.0,348
2024-04-24T06:00:00+00:00,3438.5,3448.0,3428.0,3443.0,4031
2024-04-24T08:00:00+00:00,3443.0,3450.0,3430.0,3436.5,2525
2024-04-24T10:00:00+00:00,3436.0,3444.5,3423.5,3444.0,3749
2024-04-24T12:00:00+00:00,3444.5,3445.5,3433.0,3438.5,2191
2024-04-24T14:00:00+00:00,3438.5,3439.0,3429.5,3430.0,2163
2024-04-24T16:00:00+00:00,3433.0,3441.5,3429.0,3433.5,524
2024-04-24T18:00:00+00:00,3433.0,3436.0,3429.5,3433.0,686
2024-04-24T20:00:00+00:00,3432.5,3434.0,3430.5,3434.0,62
2024-04-25T06:00:00+00:00,3434.5,3443.0,3428.5,3429.0,2182
2024-04-25T08:00:00+00:00,3429.5,3440.5,3429.0,3435.0,1676
2024-04-25T10:00:00+00:00,3435.5,3438.5,3431.0,3434.5,1839
2024-04-25T12:00:00+00:00,3434.5,3444.5,3434.0,3442.0,2444
2024-04-25T14:00:00+00:00,3441.0,3450.0,3441.0,3449.0,1414
2024-04-25T16:00:00+00:00,3448.0,3449.0,3445.0,3446.5,1189
2024-04-25T18:00:00+00:00,3446.5,3451.5,3445.5,3451.0,863
2024-04-25T20:00:00+00:00,3451.0,3451.0,3450.0,3450.0,47
2024-04-26T04:00:00+00:00,3450.0,3450.0,3450.0,3450.0,1
2024-04-26T06:00:00+00:00,3450.0,3460.0,3448.5,3455.5,725
2024-04-26T08:00:00+00:00,3455.0,3463.0,3455.0,3456.5,3600
2024-04-26T10:00:00+00:00,3456.5,3460.5,3441.5,3442.5,2762
2024-04-26T12:00:00+00:00,3442.5,3452.5,3441.5,3452.5,2700
2024-04-26T14:00:00+00:00,3451.5,3460.0,3450.5,3460.0,1422
2024-04-26T16:00:00+00:00,3460.0,3470.0,3454.5,3458.5,712
2024-04-26T18:00:00+00:00,3458.0,3460.0,3458.0,3459.0,185
2024-04-26T20:00:00+00:00,3459.5,3460.0,3455.5,3457.5,142
2024-04-27T06:00:00+00:00,3465.0,3468.0,3454.5,3462.5,554
2024-04-27T08:00:00+00:00,3462.5,3463.0,3458.0,3458.0,307
2024-04-27T10:00:00+00:00,3458.0,3463.0,3455.5,3459.0,1808
2024-04-27T12:00:00+00:00,3459.0,3464.0,3457.5,3460.0,1220
2024-04-27T14:00:00+00:00,3460.0,3470.5,3459.0,3467.0,1217
2024-04-27T16:00:00+00:00,3467.5,3474.0,3467.5,3474.0,513
2024-04-27T18:00:00+00:00,3474.0,3478.5,3469.5,3478.5,1341
2024-04-27T20:00:00+00:00,3478.5,3480.0,3474.5,3479.5,385
2024-04-29T06:00:00+00:00,3480.0,3494.5,3465.0,3478.5,4716
2024-04-29T08:00:00+00:00,3480.0,3481.0,3473.0,3476.5,811
2024-04-29T10:00:00+00:00,3475.0,3480.0,3475.0,3477.5,1291
2024-04-29T12:00:00+00:00,3476.5,3482.5,3474.5,3481.5,471
2024-04-29T14:00:00+00:00,3480.5,3481.5,3478.5,3479.5,319
2024-04-29T16:00:00+00:00,3482.0,3484.5,3480.0,3480.0,142
2024-04-29T18:00:00+00:00,3480.0,3481.5,3479.5,3481.0,49
2024-04-29T20:00:00+00:00,3480.5,3481.0,3479.5,3481.0,118
2024-04-30T06:00:00+00:00,3484.0,3486.5,3474.0,3474.0,1125
2024-04-30T08:00:00+00:00,3474.0,3477.5,3467.0,3473.0,995
2024-04-30T10:00:00+00:00,3473.0,3476.5,3471.0,3474.5,294
2024-04-30T12:00:00+00:00,3473.0,3474.5,3467.5,3468.5,307
2024-04-30T14:00:00+00:00,3468.5,3477.0,3466.5,3477.0,538
2024-04-30T16:00:00+00:00,3472.0,3475.0,3469.0,3469.0,265
2024-04-30T18:00:00+00:00,3471.5,3472.0,3468.0,3468.0,337
2024-04-30T20:00:00+00:00,3469.0,3469.0,3467.0,3468.5,317
2024-05-02T06:00:00+00:00,3469.5,3481.5,3450.0,3477.0,2484
2024-05-02T08:00:00+00:00,3477.0,3479.5,3466.0,3469.5,490
2024-05-02T10:00:00+00:00,3469.0,3472.0,3463.5,3469.5,863
2024-05-02T12:00:00+00:00,3469.5,3473.0,3445.5,3448.0,4147
2024-05-02T14:00:00+00:00,3448.0,3455.5,3442.0,3442.0,3535
2024-05-02T16:00:00+00:00,3444.0,3450.0,3435.5,3446.5,1371
2024-05-02T18:00:00+00:00,3448.0,3448.5,3444.0,3445.0,1059
2024-05-02T20:00:00+00:00,3445.5,3455.5,3445.5,3447.0,443
2024-05-03T06:00:00+00:00,3447.0,3453.0,3435.5,3435.5,2050
2024-05-03T08:00:00+00:00,3435.5,3438.5,3430.0,3434.0,3384
2024-05-03T10:00:00+00:00,3433.5,3444.0,3433.5,3444.0,860
2024-05-03T12:00:00+00:00,3443.5,3452.0,3442.0,3452.0,1760
2024-05-03T14:00:00+00:00,3451.5,3454.0,3445.5,3447.5,1011
2024-05-03T16:00:00+00:00,3447.5,3449.0,3446.0,3448.0,157
2024-05-03T18:00:00+00:00,3448.0,3449.0,3446.5,3447.5,313
2024-05-03T20:00:00+00:00,3446.5,3446.5,3439.5,3446.5,126
2024-05-06T06:00:00+00:00,3447.0,3450.0,3436.0,3442.0,2518
2024-05-06T08:00:00+00:00,3441.5,3441.5,3418.5,3430.0,4442
2024-05-06T10:00:00+00:00,3430.0,3443.0,3425.5,3442.0,8238
2024-05-06T12:00:00+00:00,3442.0,3444.0,3435.5,3441.0,1484
2024-05-06T14:00:00+00:00,3439.5,3447.5,3436.0,3439.0,1256
2024-05-06T16:00:00+00:00,3439.0,3440.0,3435.5,3438.5,673
2024-05-06T18:00:00+00:00,3438.0,3439.5,3432.0,3435.5,1729
2024-05-06T20:00:00+00:00,3434.5,3435.5,3433.0,3435.5,440
2024-05-07T04:00:00+00:00,3420.5,3420.5,3420.5,3420.5,123
2024-05-07T06:00:00+00:00,3421.5,3432.0,3411.0,3427.5,7861
2024-05-07T08:00:00+00:00,3427.5,3434.5,3425.5,3429.0,2090
2024-05-07T10:00:00+00:00,3427.5,3431.0,3423.5,3424.5,529
2024-05-07T12:00:00+00:00,3424.5,3430.0,3423.5,3429.5,761
2024-05-07T14:00:00+00:00,3431.0,3435.5,3430.0,3434.0,819
2024-05-07T16:00:00+00:00,3437.0,3438.5,3434.0,3436.5,886
2024-05-07T18:00:00+00:00,3436.5,3438.0,3433.0,3436.5,982
2024-05-07T20:00:00+00:00,3436.5,3438.5,3436.0,3438.5,362
2024-05-08T06:00:00+00:00,3440.0,3445.5,3433.0,3442.5,2540
2024-05-08T08:00:00+00:00,3442.5,3446.0,3439.0,3439.0,2518
2024-05-08T10:00:00+00:00,3439.0,3443.5,3437.5,3441.0,1599
2024-05-08T12:00:00+00:00,3440.5,3444.0,3439.0,3440.5,1054
2024-05-08T14:00:00+00:00,3440.0,3440.5,3436.0,3437.5,1076
2024-05-08T16:00:00+00:00,3438.0,3441.0,3435.5,3437.0,216
2024-05-08T18:00:00+00:00,3438.0,3440.0,3435.5,3438.0,357
2024-05-08T20:00:00+00:00,3439.0,3439.5,3439.0,3439.5,139
2024-05-10T04:00:00+00:00,3439.0,3439.0,3439.0,3439.0,2
2024-05-10T06:00:00+00:00,3441.5,3456.5,3440.0,3454.0,2030
2024-05-10T08:00:00+00:00,3453.5,3455.0,3448.5,3455.0,785
2024-05-10T10:00:00+00:00,3454.0,3458.0,3453.5,3454.5,602
2024-05-10T12:00:00+00:00,3454.0,3457.0,3452.5,3456.5,358
2024-05-10T14:00:00+00:00,3456.0,3456.5,3453.0,3453.0,376
2024-05-10T16:00:00+00:00,3454.5,3457.5,3453.0,3457.5,366
2024-05-10T18:00:00+00:00,3457.5,3458.0,3456.5,3458.0,122
2024-05-10T20:00:00+00:00,3458.0,3459.0,3457.0,3458.0,244
2024-05-13T04:00:00+00:00,3460.5,3460.5,3460.5,3460.5,21
2024-05-13T06:00:00+00:00,3461.0,3472.5,3460.5,3467.0,2141
2024-05-13T08:00:00+00:00,3466.0,3469.5,3463.0,3464.0,883
2024-05-13T10:00:00+00:00,3463.0,3466.0,3453.0,3459.5,1204
2024-05-13T12:00:00+00:00,3459.5,3462.0,3450.5,3459.0,1187
2024-05-13T14:00:00+00:00,3460.0,3467.0,3460.0,3463.0,510
2024-05-13T16:00:00+00:00,3467.0,3468.0,3461.5,3464.5,168
2024-05-13T18:00:00+00:00,3465.5,3466.5,3463.5,3465.5,89
2024-05-13T20:00:00+00:00,3465.5,3465.5,3464.0,3464.0,33
2024-05-14T06:00:00+00:00,3464.0,3468.5,3462.5,3465.5,837
2024-05-14T08:00:00+00:00,3465.0,3465.0,3460.0,3462.5,447
2024-05-14T10:00:00+00:00,3462.0,3466.0,3460.0,3464.5,163
2024-05-14T12:00:00+00:00,3465.5,3472.5,3464.5,3470.0,1109
2024-05-14T14:00:00+00:00,3469.5,3474.0,3467.0,3469.5,1976
2024-05-14T16:00:00+00:00,3470.0,3473.0,3468.5,3472.5,1157
2024-05-14T18:00:00+00:00,3472.5,3473.5,3470.5,3472.0,415
2024-05-14T20:00:00+00:00,3472.5,3473.5,3471.0,3472.0,268
2024-05-15T06:00:00+00:00,3471.0,3479.5,3462.5,3477.0,3105
2024-05-15T08:00:00+00:00,3478.0,3478.0,3470.0,3471.0,1192
2024-05-15T10:00:00+00:00,3472.5,3474.0,3467.5,3469.5,710
2024-05-15T12:00:00+00:00,3470.5,3479.5,3470.5,3478.5,388
2024-05-15T14:00:00+00:00,3478.0,3482.0,3475.5,3480.0,2463
2024-05-15T16:00:00+00:00,3480.0,3482.5,3476.0,3482.5,426
2024-05-15T18:00:00+00:00,3482.5,3484.5,3479.5,3484.5,540
2024-05-15T20:00:00+00:00,3484.0,3484.0,3483.5,3484.0,8
2024-05-16T06:00:00+00:00,3483.5,3492.0,3480.0,3482.0,2062
2024-05-16T08:00:00+00:00,3482.0,3485.0,3480.0,3482.5,888
2024-05-16T10:00:00+00:00,3482.5,3486.0,3482.5,3485.0,684
2024-05-16T12:00:00+00:00,3485.5,3494.0,3485.0,3492.0,731
2024-05-16T14:00:00+00:00,3493.0,3494.0,3486.5,3486.5,893
2024-05-16T16:00:00+00:00,3486.0,3493.5,3485.0,3493.0,368
2024-05-16T18:00:00+00:00,3491.5,3494.0,3490.5,3494.0,341
2024-05-16T20:00:00+00:00,3493.5,3494.0,3492.5,3493.0,24
2024-05-17T06:00:00+00:00,3493.5,3502.0,3489.0,3501.0,3633
2024-05-17T08:00:00+00:00,3501.0,3501.5,3494.0,3496.0,1056
2024-05-17T10:00:00+00:00,3496.0,3503.5,3494.0,3503.5,1119
2024-05-17T12:00:00+00:00,3502.5,3506.5,3500.0,3502.0,1042
2024-05-17T14:00:00+00:00,3502.0,3512.0,3502.0,3506.0,855
2024-05-17T16:00:00+00:00,3507.5,3509.0,3506.5,3507.5,106
2024-05-17T18:00:00+00:00,3507.5,3511.5,3507.5,3509.5,584
2024-05-17T20:00:00+00:00,3510.5,3512.0,3509.0,3510.5,115
2024-05-20T04:00:00+00:00,3514.5,3514.5,3514.5,3514.5,3
2024-05-20T06:00:00+00:00,3514.5,3523.5,3505.5,3507.5,2441
2024-05-20T08:00:00+00:00,3505.5,3510.5,3484.5,3485.0,2759
2024-05-20T10:00:00+00:00,3484.5,3494.0,3474.0,3490.0,5073
2024-05-20T12:00:00+00:00,3490.0,3490.0,3476.5,3486.5,1248
2024-05-20T14:00:00+00:00,3486.5,3486.5,3462.5,3465.5,2243
2024-05-20T16:00:00+00:00,3464.0,3469.5,3444.0,3456.0,5019
2024-05-20T18:00:00+00:00,3455.0,3459.5,3448.0,3457.5,1304
2024-05-20T20:00:00+00:00,3458.0,3460.0,3457.0,3458.0,123
2024-05-21T06:00:00+00:00,3457.0,3464.5,3437.0,3440.5,4420
2024-05-21T08:00:00+00:00,3440.0,3444.0,3430.5,3442.0,4388
2024-05-21T10:00:00+00:00,3442.5,3445.5,3425.0,3433.0,5009
2024-05-21T12:00:00+00:00,3433.5,3435.0,3410.0,3413.5,5748
2024-05-21T14:00:00+00:00,3413.5,3441.5,3411.5,3431.0,3666
2024-05-21T16:00:00+00:00,3433.5,3441.5,3431.0,3440.5,879
2024-05-21T18:00:00+00:00,3440.5,3441.0,3435.0,3438.0,299
2024-05-21T20:00:00+00:00,3436.0,3441.0,3435.5,3441.0,227
2024-05-22T06:00:00+00:00,3442.0,3452.5,3436.5,3447.0,1902
2024-05-22T08:00:00+00:00,3447.0,3452.5,3443.0,3447.5,1389
2024-05-22T10:00:00+00:00,3446.5,3449.5,3440.5,3447.5,432
2024-05-22T12:00:00+00:00,3445.5,3450.5,3440.0,3446.0,2230
2024-05-22T14:00:00+00:00,3446.0,3451.5,3444.0,3448.0,641
2024-05-22T16:00:00+00:00,3447.0,3450.0,3443.0,3446.0,253
2024-05-22T18:00:00+00:00,3446.0,3446.0,3441.0,3442.5,383
2024-05-22T20:00:00+00:00,3443.0,3443.0,3442.0,3442.0,15
2024-05-23T06:00:00+00:00,3442.0,3443.0,3420.5,3425.0,2756
2024-05-23T08:00:00+00:00,3424.5,3427.5,3412.0,3424.0,2027
2024-05-23T10:00:00+00:00,3423.0,3431.0,3422.0,3427.5,1739
2024-05-23T12:00:00+00:00,3428.5,3448.0,3425.5,3445.0,2189
2024-05-23T14:00:00+00:00,3445.5,3450.5,3441.0,3442.5,2148
2024-05-23T16:00:00+00:00,3442.5,3446.0,3437.5,3437.5,661
2024-05-23T18:00:00+00:00,3438.5,3441.0,3437.0,3440.5,149
2024-05-23T20:00:00+00:00,3440.0,3441.5,3438.5,3440.0,256
2024-05-24T06:00:00+00:00,3438.0,3446.0,3425.0,3430.0,3267
2024-05-24T08:00:00+00:00,3427.0,3432.5,3418.0,3427.5,2361
2024-05-24T10:00:00+00:00,3427.0,3427.0,3384.5,3387.0,7805
2024-05-24T12:00:00+00:00,3387.0,3408.5,3381.0,3404.0,4063
2024-05-24T14:00:00+00:00,3404.0,3413.0,3400.0,3405.0,2208
2024-05-24T16:00:00+00:00,3402.0,3404.5,3392.0,3395.0,3069
2024-05-24T18:00:00+00:00,3396.0,3398.0,3391.5,3395.5,407
2024-05-24T20:00:00+00:00,3394.5,3398.5,3393.0,3397.5,355
2024-05-27T06:00:00+00:00,3395.0,3397.5,3350.0,3351.0,10362
2024-05-27T08:00:00+00:00,3351.0,3363.0,3346.0,3352.0,3971
2024-05-27T10:00:00+00:00,3352.0,3363.0,3340.0,3353.0,2615
2024-05-27T12:00:00+00:00,3353.0,3354.0,3327.0,3334.5,3073
2024-05-27T14:00:00+00:00,3330.0,3339.5,3303.5,3306.0,7030
2024-05-27T16:00:00+00:00,3315.5,3320.5,3294.5,3312.5,2464
2024-05-27T18:00:00+00:00,3315.0,3322.5,3309.0,3312.0,1113
2024-05-27T20:00:00+00:00,3313.0,3313.5,3305.0,3305.0,177
2024-05-28T06:00:00+00:00,3310.0,3343.0,3282.5,3343.0,5821
2024-05-28T08:00:00+00:00,3343.0,3348.5,3326.0,3340.5,2543
2024-05-28T10:00:00+00:00,3342.5,3352.5,3334.0,3349.5,3337
2024-05-28T12:00:00+00:00,3350.0,3352.5,3322.0,3327.5,1737
2024-05-28T14:00:00+00:00,3326.5,3330.0,3313.0,3313.5,1697
2024-05-28T16:00:00+00:00,3310.5,3311.0,3295.0,3307.5,1664
2024-05-28T18:00:00+00:00,3307.5,3312.5,3300.0,3305.0,783
2024-05-28T20:00:00+00:00,3306.0,3310.5,3304.0,3310.5,198
2024-05-29T04:00:00+00:00,3315.0,3315.0,3315.0,3315.0,4
2024-05-29T06:00:00+00:00,3313.5,3329.0,3291.5,3306.5,4359
2024-05-29T08:00:00+00:00,3306.5,3316.0,3296.5,3305.5,2244
2024-05-29T10:00:00+00:00,3307.0,3309.5,3297.0,3297.0,1893
2024-05-29T12:00:00+00:00,3296.5,3301.5,3286.0,3296.5,2340
2024-05-29T14:00:00+00:00,3296.5,3329.5,3295.5,3329.5,3370
2024-05-29T16:00:00+00:00,3329.0,3329.0,3318.5,3324.5,2540
2024-05-29T18:00:00+00:00,3324.5,3330.5,3324.0,3326.5,1229
2024-05-29T20:00:00+00:00,3327.0,3337.0,3327.0,3337.0,548
2024-05-30T04:00:00+00:00,3331.0,3331.0,3331.0,3331.0,1
2024-05-30T06:00:00+00:00,3331.5,3350.0,3330.0,3335.0,2541
2024-05-30T08:00:00+00:00,3335.5,3338.5,3319.0,3323.5,1691
2024-05-30T10:00:00+00:00,3323.0,3323.5,3301.0,3306.0,4513
2024-05-30T12:00:00+00:00,3304.5,3317.5,3294.5,3306.5,3473
2024-05-30T14:00:00+00:00,3306.5,3309.0,3270.0,3280.5,5663
2024-05-30T16:00:00+00:00,3285.0,3289.5,3259.5,3268.5,3421
2024-05-30T18:00:00+00:00,3271.0,3276.0,3258.5,3260.5,3103
2024-05-30T20:00:00+00:00,3260.5,3262.0,3254.5,3260.0,416
2024-05-31T06:00:00+00:00,3262.5,3279.0,3235.0,3235.0,10193
2024-05-31T08:00:00+00:00,3235.0,3269.0,3235.0,3250.0,6875
2024-05-31T10:00:00+00:00,3250.0,3255.0,3237.0,3253.5,2972
2024-05-31T12:00:00+00:00,3253.5,3263.0,3244.0,3244.0,4305
2024-05-31T14:00:00+00:00,3243.5,3248.0,3215.5,3228.0,5393
2024-05-31T16:00:00+00:00,3223.5,3229.0,3185.0,3190.0,8818
2024-05-31T18:00:00+00:00,3191.0,3198.5,3182.5,3195.5,2096
2024-05-31T20:00:00+00:00,3196.0,3205.0,3189.5,3205.0,717
